Added ON,Added By,COMPLAINT GROUPING,PRODUCT,KEY
31-Dec-2022,service.almsind2@gmail.com,ADC FAIL,MONNAL T60,MONNAL T60|ADC FAIL
31-Dec-2022,service.almsind2@gmail.com,Alarm 004,MONNAL T60,MONNAL T60|Alarm 004
31-Dec-2022,service.almsind2@gmail.com,Alarm 005,MONNAL T60,MONNAL T60|Alarm 005
31-Dec-2022,service.almsind2@gmail.com,Alarm 006,MONNAL T60,MONNAL T60|Alarm 006
31-Dec-2022,service.almsind2@gmail.com,Alarm 007,MONNAL T60,MONNAL T60|Alarm 007
31-Dec-2022,service.almsind2@gmail.com,Alarm 010,MONNAL T60,MONNAL T60|Alarm 010
31-Dec-2022,service.almsind2@gmail.com,Alarm 011,MONNAL T60,MONNAL T60|Alarm 011
31-Dec-2022,service.almsind2@gmail.com,Alarm 013,MONNAL T60,MONNAL T60|Alarm 013
31-Dec-2022,service.almsind2@gmail.com,Alarm 014,MONNAL T60,MONNAL T60|Alarm 014
31-Dec-2022,service.almsind2@gmail.com,Alarm 015,MONNAL T60,MONNAL T60|Alarm 015
31-Dec-2022,service.almsind2@gmail.com,Alarm 019,MONNAL T60,MONNAL T60|Alarm 019
31-Dec-2022,service.almsind2@gmail.com,Alarm 020,MONNAL T60,MONNAL T60|Alarm 020
31-Dec-2022,service.almsind2@gmail.com,Alarm 021,MONNAL T60,MONNAL T60|Alarm 021
31-Dec-2022,service.almsind2@gmail.com,Alarm 028,MONNAL T60,MONNAL T60|Alarm 028
31-Dec-2022,service.almsind2@gmail.com,Alarm 031,MONNAL T60,MONNAL T60|Alarm 031
31-Dec-2022,service.almsind2@gmail.com,Alarm 032,MONNAL T60,MONNAL T60|Alarm 032
31-Dec-2022,service.almsind2@gmail.com,Alarm 034,MONNAL T60,MONNAL T60|Alarm 034
31-Dec-2022,service.almsind2@gmail.com,Alarm 036,MONNAL T60,MONNAL T60|Alarm 036
31-Dec-2022,service.almsind2@gmail.com,Alarm 037,MONNAL T60,MONNAL T60|Alarm 037
31-Dec-2022,service.almsind2@gmail.com,Alarm 038,MONNAL T60,MONNAL T60|Alarm 038
31-Dec-2022,service.almsind2@gmail.com,Alarm 039,MONNAL T60,MONNAL T60|Alarm 039
31-Dec-2022,service.almsind2@gmail.com,Alarm 040,MONNAL T60,MONNAL T60|Alarm 040
31-Dec-2022,service.almsind2@gmail.com,Alarm 041,MONNAL T60,MONNAL T60|Alarm 041
31-Dec-2022,service.almsind2@gmail.com,Alarm 043,MONNAL T60,MONNAL T60|Alarm 043
31-Dec-2022,service.almsind2@gmail.com,Alarm 044,MONNAL T60,MONNAL T60|Alarm 044
31-Dec-2022,service.almsind2@gmail.com,Alarm 045,MONNAL T60,MONNAL T60|Alarm 045
31-Dec-2022,service.almsind2@gmail.com,Alarm 046,MONNAL T60,MONNAL T60|Alarm 046
31-Dec-2022,service.almsind2@gmail.com,Alarm 047,MONNAL T60,MONNAL T60|Alarm 047
31-Dec-2022,service.almsind2@gmail.com,Alarm 053,MONNAL T60,MONNAL T60|Alarm 053
31-Dec-2022,service.almsind2@gmail.com,Alarm 054,MONNAL T60,MONNAL T60|Alarm 054
31-Dec-2022,service.almsind2@gmail.com,Alarm 065,MONNAL T60,MONNAL T60|Alarm 065
31-Dec-2022,service.almsind2@gmail.com,Alarm 069,MONNAL T60,MONNAL T60|Alarm 069
31-Dec-2022,service.almsind2@gmail.com,Alarm 070,MONNAL T60,MONNAL T60|Alarm 070
31-Dec-2022,service.almsind2@gmail.com,Alarm 075,MONNAL T60,MONNAL T60|Alarm 075
31-Dec-2022,service.almsind2@gmail.com,Alarm 077,MONNAL T60,MONNAL T60|Alarm 077
31-Dec-2022,service.almsind2@gmail.com,Alarm 078,MONNAL T60,MONNAL T60|Alarm 078
31-Dec-2022,service.almsind2@gmail.com,Alarm 081,MONNAL T60,MONNAL T60|Alarm 081
31-Dec-2022,service.almsind2@gmail.com,Alarm 089,MONNAL T60,MONNAL T60|Alarm 089
31-Dec-2022,service.almsind2@gmail.com,Alarm 090,MONNAL T60,MONNAL T60|Alarm 090
31-Dec-2022,service.almsind2@gmail.com,Alarm 092,MONNAL T60,MONNAL T60|Alarm 092
31-Dec-2022,service.almsind2@gmail.com,Alarm 093,MONNAL T60,MONNAL T60|Alarm 093
31-Dec-2022,service.almsind2@gmail.com,Alarm 097,MONNAL T60,MONNAL T60|Alarm 097
31-Dec-2022,service.almsind2@gmail.com,Alarm 098,MONNAL T60,MONNAL T60|Alarm 098
31-Dec-2022,service.almsind2@gmail.com,Alarm 100,MONNAL T60,MONNAL T60|Alarm 100
31-Dec-2022,service.almsind2@gmail.com,Alarm 101,MONNAL T60,MONNAL T60|Alarm 101
31-Dec-2022,service.almsind2@gmail.com,Alarm 102,MONNAL T60,MONNAL T60|Alarm 102
31-Dec-2022,service.almsind2@gmail.com,Alarm 103,MONNAL T60,MONNAL T60|Alarm 103
31-Dec-2022,service.almsind2@gmail.com,Alarm 104,MONNAL T60,MONNAL T60|Alarm 104
31-Dec-2022,service.almsind2@gmail.com,Alarm 105,MONNAL T60,MONNAL T60|Alarm 105
31-Dec-2022,service.almsind2@gmail.com,Alarm 107,MONNAL T60,MONNAL T60|Alarm 107
31-Dec-2022,service.almsind2@gmail.com,Alarm 111,MONNAL T60,MONNAL T60|Alarm 111
31-Dec-2022,service.almsind2@gmail.com,Alarm 113,MONNAL T60,MONNAL T60|Alarm 113
31-Dec-2022,service.almsind2@gmail.com,Alarm 115,MONNAL T60,MONNAL T60|Alarm 115
31-Dec-2022,service.almsind2@gmail.com,Alarm 129,MONNAL T60,MONNAL T60|Alarm 129
31-Dec-2022,service.almsind2@gmail.com,Alarm 130,MONNAL T60,MONNAL T60|Alarm 130
31-Dec-2022,service.almsind2@gmail.com,Autotests : failure,MONNAL T60,MONNAL T60|Autotests : failure
31-Dec-2022,service.almsind2@gmail.com,Autotests : resistance not evaluated,MONNAL T60,MONNAL T60|Autotests : resistance not evaluated
31-Dec-2022,service.almsind2@gmail.com,Battery : incorrect information,MONNAL T60,MONNAL T60|Battery : incorrect information
31-Dec-2022,service.almsind2@gmail.com,Battery : no charge,MONNAL T60,MONNAL T60|Battery : no charge
31-Dec-2022,service.almsind2@gmail.com,Battery : no detection,MONNAL T60,MONNAL T60|Battery : no detection
31-Dec-2022,service.almsind2@gmail.com,Battery : reduced autonomy,MONNAL T60,MONNAL T60|Battery : reduced autonomy
31-Dec-2022,service.almsind2@gmail.com,Calibration: impossible,MONNAL T60,MONNAL T60|Calibration: impossible
31-Dec-2022,service.almsind2@gmail.com,Connection : electric,MONNAL T60,MONNAL T60|Connection : electric
31-Dec-2022,service.almsind2@gmail.com,Connection : mechanical,MONNAL T60,MONNAL T60|Connection : mechanical
31-Dec-2022,service.almsind2@gmail.com,Connection : pneumatic,MONNAL T60,MONNAL T60|Connection : pneumatic
31-Dec-2022,service.almsind2@gmail.com,Defective component,MONNAL T60,MONNAL T60|Defective component
31-Dec-2022,service.almsind2@gmail.com,Fixation,MONNAL T60,MONNAL T60|Fixation
31-Dec-2022,service.almsind2@gmail.com,Housing : aspect,MONNAL T60,MONNAL T60|Housing : aspect
31-Dec-2022,service.almsind2@gmail.com,Housing : cracks,MONNAL T60,MONNAL T60|Housing : cracks
31-Dec-2022,service.almsind2@gmail.com,Housing : missing,MONNAL T60,MONNAL T60|Housing : missing
31-Dec-2022,service.almsind2@gmail.com,Leak : audible leak,MONNAL T60,MONNAL T60|Leak : audible leak
31-Dec-2022,service.almsind2@gmail.com,Leak : expiratory valve,MONNAL T60,MONNAL T60|Leak : expiratory valve
31-Dec-2022,service.almsind2@gmail.com,Leak : inspiratory branch,MONNAL T60,MONNAL T60|Leak : inspiratory branch
31-Dec-2022,service.almsind2@gmail.com,Leak : O2 LP valve,MONNAL T60,MONNAL T60|Leak : O2 LP valve
31-Dec-2022,service.almsind2@gmail.com,Leak : O2 mixer,MONNAL T60,MONNAL T60|Leak : O2 mixer
31-Dec-2022,service.almsind2@gmail.com,Monitor reboot,MONNAL T60,MONNAL T60|Monitor reboot
31-Dec-2022,service.almsind2@gmail.com,Monitoring : settings/ thresholds/ menu,MONNAL T60,MONNAL T60|Monitoring : settings/ thresholds/ menu
31-Dec-2022,service.almsind2@gmail.com,Noise,MONNAL T60,MONNAL T60|Noise
31-Dec-2022,service.almsind2@gmail.com,Other,MONNAL T60,MONNAL T60|Other
31-Dec-2022,service.almsind2@gmail.com,Power supply : fault,MONNAL T60,MONNAL T60|Power supply : fault
31-Dec-2022,service.almsind2@gmail.com,Power supply : impossible to start,MONNAL T60,MONNAL T60|Power supply : impossible to start
31-Dec-2022,service.almsind2@gmail.com,Power supply : no commutation,MONNAL T60,MONNAL T60|Power supply : no commutation
31-Dec-2022,service.almsind2@gmail.com,Screen : brightness,MONNAL T60,MONNAL T60|Screen : brightness
31-Dec-2022,service.almsind2@gmail.com,Screen : touch screen,MONNAL T60,MONNAL T60|Screen : touch screen
31-Dec-2022,service.almsind2@gmail.com,Screen: display error,MONNAL T60,MONNAL T60|Screen: display error
31-Dec-2022,service.almsind2@gmail.com,Setting : settings/ thresholds/ menu,MONNAL T60,MONNAL T60|Setting : settings/ thresholds/ menu
31-Dec-2022,service.almsind2@gmail.com,Soft update impossible,MONNAL T60,MONNAL T60|Soft update impossible
31-Dec-2022,service.almsind2@gmail.com,Start-up : black screen,MONNAL T60,MONNAL T60|Start-up : black screen
31-Dec-2022,service.almsind2@gmail.com,Start-up : impossible,MONNAL T60,MONNAL T60|Start-up : impossible
31-Dec-2022,service.almsind2@gmail.com,Start-up : unwanted,MONNAL T60,MONNAL T60|Start-up : unwanted
31-Dec-2022,service.almsind2@gmail.com,Unavailable option,MONNAL T60,MONNAL T60|Unavailable option
31-Dec-2022,service.almsind2@gmail.com,Universal support : fixation,MONNAL T60,MONNAL T60|Universal support : fixation
31-Dec-2022,service.almsind2@gmail.com,Ventilation degraded,MONNAL T60,MONNAL T60|Ventilation degraded
31-Dec-2022,service.almsind2@gmail.com,Ventilation shutdown without alarm,MONNAL T60,MONNAL T60|Ventilation shutdown without alarm
31-Dec-2022,service.almsind2@gmail.com,Wrong information,MONNAL T60,MONNAL T60|Wrong information
31-Dec-2022,service.almsind2@gmail.com,Leaks,MONNAL T75,MONNAL T75|Leaks
31-Dec-2022,service.almsind2@gmail.com,Accessory: integration,MONNAL T75,MONNAL T75|Accessory: integration
31-Dec-2022,service.almsind2@gmail.com,"Alarm ""default valve expi offset""",MONNAL T75,"MONNAL T75|Alarm ""default valve expi offset"""
31-Dec-2022,service.almsind2@gmail.com,Alarm 001,MONNAL T75,MONNAL T75|Alarm 001
31-Dec-2022,service.almsind2@gmail.com,Alarm 002,MONNAL T75,MONNAL T75|Alarm 002
31-Dec-2022,service.almsind2@gmail.com,Alarm 003,MONNAL T75,MONNAL T75|Alarm 003
31-Dec-2022,service.almsind2@gmail.com,Alarm 004,MONNAL T75,MONNAL T75|Alarm 004
31-Dec-2022,service.almsind2@gmail.com,Alarm 005,MONNAL T75,MONNAL T75|Alarm 005
31-Dec-2022,service.almsind2@gmail.com,Alarm 006,MONNAL T75,MONNAL T75|Alarm 006
31-Dec-2022,service.almsind2@gmail.com,Alarm 007,MONNAL T75,MONNAL T75|Alarm 007
31-Dec-2022,service.almsind2@gmail.com,Alarm 008,MONNAL T75,MONNAL T75|Alarm 008
31-Dec-2022,service.almsind2@gmail.com,Alarm 009,MONNAL T75,MONNAL T75|Alarm 009
31-Dec-2022,service.almsind2@gmail.com,Alarm 010,MONNAL T75,MONNAL T75|Alarm 010
31-Dec-2022,service.almsind2@gmail.com,Alarm 011,MONNAL T75,MONNAL T75|Alarm 011
31-Dec-2022,service.almsind2@gmail.com,Alarm 012,MONNAL T75,MONNAL T75|Alarm 012
31-Dec-2022,service.almsind2@gmail.com,Alarm 013,MONNAL T75,MONNAL T75|Alarm 013
31-Dec-2022,service.almsind2@gmail.com,Alarm 014,MONNAL T75,MONNAL T75|Alarm 014
31-Dec-2022,service.almsind2@gmail.com,Alarm 015,MONNAL T75,MONNAL T75|Alarm 015
31-Dec-2022,service.almsind2@gmail.com,Alarm 016,MONNAL T75,MONNAL T75|Alarm 016
31-Dec-2022,service.almsind2@gmail.com,Alarm 017,MONNAL T75,MONNAL T75|Alarm 017
31-Dec-2022,service.almsind2@gmail.com,Alarm 018,MONNAL T75,MONNAL T75|Alarm 018
31-Dec-2022,service.almsind2@gmail.com,Alarm 019,MONNAL T75,MONNAL T75|Alarm 019
31-Dec-2022,service.almsind2@gmail.com,Alarm 020,MONNAL T75,MONNAL T75|Alarm 020
31-Dec-2022,service.almsind2@gmail.com,Alarm 021,MONNAL T75,MONNAL T75|Alarm 021
31-Dec-2022,service.almsind2@gmail.com,Alarm 022,MONNAL T75,MONNAL T75|Alarm 022
31-Dec-2022,service.almsind2@gmail.com,Alarm 023,MONNAL T75,MONNAL T75|Alarm 023
31-Dec-2022,service.almsind2@gmail.com,Alarm 024,MONNAL T75,MONNAL T75|Alarm 024
31-Dec-2022,service.almsind2@gmail.com,Alarm 025,MONNAL T75,MONNAL T75|Alarm 025
31-Dec-2022,service.almsind2@gmail.com,Alarm 026,MONNAL T75,MONNAL T75|Alarm 026
31-Dec-2022,service.almsind2@gmail.com,Alarm 027,MONNAL T75,MONNAL T75|Alarm 027
31-Dec-2022,service.almsind2@gmail.com,Alarm 028,MONNAL T75,MONNAL T75|Alarm 028
31-Dec-2022,service.almsind2@gmail.com,Alarm 029,MONNAL T75,MONNAL T75|Alarm 029
31-Dec-2022,service.almsind2@gmail.com,Alarm 030,MONNAL T75,MONNAL T75|Alarm 030
31-Dec-2022,service.almsind2@gmail.com,Alarm 031,MONNAL T75,MONNAL T75|Alarm 031
31-Dec-2022,service.almsind2@gmail.com,Alarm 032,MONNAL T75,MONNAL T75|Alarm 032
31-Dec-2022,service.almsind2@gmail.com,Alarm 033,MONNAL T75,MONNAL T75|Alarm 033
31-Dec-2022,service.almsind2@gmail.com,Alarm 034,MONNAL T75,MONNAL T75|Alarm 034
31-Dec-2022,service.almsind2@gmail.com,Alarm 035,MONNAL T75,MONNAL T75|Alarm 035
31-Dec-2022,service.almsind2@gmail.com,Alarm 036,MONNAL T75,MONNAL T75|Alarm 036
31-Dec-2022,service.almsind2@gmail.com,Alarm 037,MONNAL T75,MONNAL T75|Alarm 037
31-Dec-2022,service.almsind2@gmail.com,Alarm 038,MONNAL T75,MONNAL T75|Alarm 038
31-Dec-2022,service.almsind2@gmail.com,Alarm 039,MONNAL T75,MONNAL T75|Alarm 039
31-Dec-2022,service.almsind2@gmail.com,Alarm 040,MONNAL T75,MONNAL T75|Alarm 040
31-Dec-2022,service.almsind2@gmail.com,Alarm 041,MONNAL T75,MONNAL T75|Alarm 041
31-Dec-2022,service.almsind2@gmail.com,Alarm 042,MONNAL T75,MONNAL T75|Alarm 042
31-Dec-2022,service.almsind2@gmail.com,Alarm 043,MONNAL T75,MONNAL T75|Alarm 043
31-Dec-2022,service.almsind2@gmail.com,Alarm 044,MONNAL T75,MONNAL T75|Alarm 044
31-Dec-2022,service.almsind2@gmail.com,Alarm 045,MONNAL T75,MONNAL T75|Alarm 045
31-Dec-2022,service.almsind2@gmail.com,Alarm 046,MONNAL T75,MONNAL T75|Alarm 046
31-Dec-2022,service.almsind2@gmail.com,Alarm 047,MONNAL T75,MONNAL T75|Alarm 047
31-Dec-2022,service.almsind2@gmail.com,Alarm 048,MONNAL T75,MONNAL T75|Alarm 048
31-Dec-2022,service.almsind2@gmail.com,Alarm 049,MONNAL T75,MONNAL T75|Alarm 049
31-Dec-2022,service.almsind2@gmail.com,Alarm 050,MONNAL T75,MONNAL T75|Alarm 050
31-Dec-2022,service.almsind2@gmail.com,Alarm 051,MONNAL T75,MONNAL T75|Alarm 051
31-Dec-2022,service.almsind2@gmail.com,Alarm 052,MONNAL T75,MONNAL T75|Alarm 052
31-Dec-2022,service.almsind2@gmail.com,Alarm 053,MONNAL T75,MONNAL T75|Alarm 053
31-Dec-2022,service.almsind2@gmail.com,Alarm 054,MONNAL T75,MONNAL T75|Alarm 054
31-Dec-2022,service.almsind2@gmail.com,Alarm 055,MONNAL T75,MONNAL T75|Alarm 055
31-Dec-2022,service.almsind2@gmail.com,Alarm 056,MONNAL T75,MONNAL T75|Alarm 056
31-Dec-2022,service.almsind2@gmail.com,Alarm 057,MONNAL T75,MONNAL T75|Alarm 057
31-Dec-2022,service.almsind2@gmail.com,Alarm 058,MONNAL T75,MONNAL T75|Alarm 058
31-Dec-2022,service.almsind2@gmail.com,Alarm 059,MONNAL T75,MONNAL T75|Alarm 059
31-Dec-2022,service.almsind2@gmail.com,Alarm 060,MONNAL T75,MONNAL T75|Alarm 060
31-Dec-2022,service.almsind2@gmail.com,Alarm 061,MONNAL T75,MONNAL T75|Alarm 061
31-Dec-2022,service.almsind2@gmail.com,Alarm 062,MONNAL T75,MONNAL T75|Alarm 062
31-Dec-2022,service.almsind2@gmail.com,Alarm 063,MONNAL T75,MONNAL T75|Alarm 063
31-Dec-2022,service.almsind2@gmail.com,Alarm 064,MONNAL T75,MONNAL T75|Alarm 064
31-Dec-2022,service.almsind2@gmail.com,Alarm 065,MONNAL T75,MONNAL T75|Alarm 065
31-Dec-2022,service.almsind2@gmail.com,Alarm 066,MONNAL T75,MONNAL T75|Alarm 066
31-Dec-2022,service.almsind2@gmail.com,Alarm 067,MONNAL T75,MONNAL T75|Alarm 067
31-Dec-2022,service.almsind2@gmail.com,Alarm 068,MONNAL T75,MONNAL T75|Alarm 068
31-Dec-2022,service.almsind2@gmail.com,Alarm 069,MONNAL T75,MONNAL T75|Alarm 069
31-Dec-2022,service.almsind2@gmail.com,Alarm 070,MONNAL T75,MONNAL T75|Alarm 070
31-Dec-2022,service.almsind2@gmail.com,Alarm 071,MONNAL T75,MONNAL T75|Alarm 071
31-Dec-2022,service.almsind2@gmail.com,Alarm 072,MONNAL T75,MONNAL T75|Alarm 072
31-Dec-2022,service.almsind2@gmail.com,Alarm 073,MONNAL T75,MONNAL T75|Alarm 073
31-Dec-2022,service.almsind2@gmail.com,Alarm 074,MONNAL T75,MONNAL T75|Alarm 074
31-Dec-2022,service.almsind2@gmail.com,Alarm 075,MONNAL T75,MONNAL T75|Alarm 075
31-Dec-2022,service.almsind2@gmail.com,Alarm 076,MONNAL T75,MONNAL T75|Alarm 076
31-Dec-2022,service.almsind2@gmail.com,Alarm 077,MONNAL T75,MONNAL T75|Alarm 077
31-Dec-2022,service.almsind2@gmail.com,Alarm 078,MONNAL T75,MONNAL T75|Alarm 078
31-Dec-2022,service.almsind2@gmail.com,Alarm 079,MONNAL T75,MONNAL T75|Alarm 079
31-Dec-2022,service.almsind2@gmail.com,Alarm 080,MONNAL T75,MONNAL T75|Alarm 080
31-Dec-2022,service.almsind2@gmail.com,Alarm 081,MONNAL T75,MONNAL T75|Alarm 081
31-Dec-2022,service.almsind2@gmail.com,Alarm 082,MONNAL T75,MONNAL T75|Alarm 082
31-Dec-2022,service.almsind2@gmail.com,Alarm 083,MONNAL T75,MONNAL T75|Alarm 083
31-Dec-2022,service.almsind2@gmail.com,Alarm 084,MONNAL T75,MONNAL T75|Alarm 084
31-Dec-2022,service.almsind2@gmail.com,Alarm 085,MONNAL T75,MONNAL T75|Alarm 085
31-Dec-2022,service.almsind2@gmail.com,Alarm 086,MONNAL T75,MONNAL T75|Alarm 086
31-Dec-2022,service.almsind2@gmail.com,Alarm 087,MONNAL T75,MONNAL T75|Alarm 087
31-Dec-2022,service.almsind2@gmail.com,Alarm 088,MONNAL T75,MONNAL T75|Alarm 088
31-Dec-2022,service.almsind2@gmail.com,Alarm 089,MONNAL T75,MONNAL T75|Alarm 089
31-Dec-2022,service.almsind2@gmail.com,Alarm 090,MONNAL T75,MONNAL T75|Alarm 090
31-Dec-2022,service.almsind2@gmail.com,Alarm 091,MONNAL T75,MONNAL T75|Alarm 091
31-Dec-2022,service.almsind2@gmail.com,Alarm 092,MONNAL T75,MONNAL T75|Alarm 092
31-Dec-2022,service.almsind2@gmail.com,Alarm 093,MONNAL T75,MONNAL T75|Alarm 093
31-Dec-2022,service.almsind2@gmail.com,Alarm 094,MONNAL T75,MONNAL T75|Alarm 094
31-Dec-2022,service.almsind2@gmail.com,Alarm 095,MONNAL T75,MONNAL T75|Alarm 095
31-Dec-2022,service.almsind2@gmail.com,Alarm 096,MONNAL T75,MONNAL T75|Alarm 096
31-Dec-2022,service.almsind2@gmail.com,Alarm 097,MONNAL T75,MONNAL T75|Alarm 097
31-Dec-2022,service.almsind2@gmail.com,Alarm 098,MONNAL T75,MONNAL T75|Alarm 098
31-Dec-2022,service.almsind2@gmail.com,Alarm 099,MONNAL T75,MONNAL T75|Alarm 099
31-Dec-2022,service.almsind2@gmail.com,Alarm 100,MONNAL T75,MONNAL T75|Alarm 100
31-Dec-2022,service.almsind2@gmail.com,Alarm 101,MONNAL T75,MONNAL T75|Alarm 101
31-Dec-2022,service.almsind2@gmail.com,Alarm 102,MONNAL T75,MONNAL T75|Alarm 102
31-Dec-2022,service.almsind2@gmail.com,Alarm 103,MONNAL T75,MONNAL T75|Alarm 103
31-Dec-2022,service.almsind2@gmail.com,Alarm 104,MONNAL T75,MONNAL T75|Alarm 104
31-Dec-2022,service.almsind2@gmail.com,Alarm 105,MONNAL T75,MONNAL T75|Alarm 105
31-Dec-2022,service.almsind2@gmail.com,Alarm 106,MONNAL T75,MONNAL T75|Alarm 106
31-Dec-2022,service.almsind2@gmail.com,Alarm 107,MONNAL T75,MONNAL T75|Alarm 107
31-Dec-2022,service.almsind2@gmail.com,Alarm 108,MONNAL T75,MONNAL T75|Alarm 108
31-Dec-2022,service.almsind2@gmail.com,Alarm 109,MONNAL T75,MONNAL T75|Alarm 109
31-Dec-2022,service.almsind2@gmail.com,Alarm 110,MONNAL T75,MONNAL T75|Alarm 110
31-Dec-2022,service.almsind2@gmail.com,Alarm 111,MONNAL T75,MONNAL T75|Alarm 111
31-Dec-2022,service.almsind2@gmail.com,Alarm 112,MONNAL T75,MONNAL T75|Alarm 112
31-Dec-2022,service.almsind2@gmail.com,Alarm 113,MONNAL T75,MONNAL T75|Alarm 113
31-Dec-2022,service.almsind2@gmail.com,Alarm 114,MONNAL T75,MONNAL T75|Alarm 114
31-Dec-2022,service.almsind2@gmail.com,Alarm 115,MONNAL T75,MONNAL T75|Alarm 115
31-Dec-2022,service.almsind2@gmail.com,Alarm 116,MONNAL T75,MONNAL T75|Alarm 116
31-Dec-2022,service.almsind2@gmail.com,Alarm 117,MONNAL T75,MONNAL T75|Alarm 117
31-Dec-2022,service.almsind2@gmail.com,Alarm 118,MONNAL T75,MONNAL T75|Alarm 118
31-Dec-2022,service.almsind2@gmail.com,Alarm 119,MONNAL T75,MONNAL T75|Alarm 119
31-Dec-2022,service.almsind2@gmail.com,Alarm 120,MONNAL T75,MONNAL T75|Alarm 120
31-Dec-2022,service.almsind2@gmail.com,Alarm 121,MONNAL T75,MONNAL T75|Alarm 121
31-Dec-2022,service.almsind2@gmail.com,Alarm 122,MONNAL T75,MONNAL T75|Alarm 122
31-Dec-2022,service.almsind2@gmail.com,Alarm 123,MONNAL T75,MONNAL T75|Alarm 123
31-Dec-2022,service.almsind2@gmail.com,Alarm 124,MONNAL T75,MONNAL T75|Alarm 124
31-Dec-2022,service.almsind2@gmail.com,Alarm 125,MONNAL T75,MONNAL T75|Alarm 125
31-Dec-2022,service.almsind2@gmail.com,Alarm 126,MONNAL T75,MONNAL T75|Alarm 126
31-Dec-2022,service.almsind2@gmail.com,Alarm 127,MONNAL T75,MONNAL T75|Alarm 127
31-Dec-2022,service.almsind2@gmail.com,Alarm 128,MONNAL T75,MONNAL T75|Alarm 128
31-Dec-2022,service.almsind2@gmail.com,Alarm 129,MONNAL T75,MONNAL T75|Alarm 129
31-Dec-2022,service.almsind2@gmail.com,Alarm 130,MONNAL T75,MONNAL T75|Alarm 130
31-Dec-2022,service.almsind2@gmail.com,Alarm 131,MONNAL T75,MONNAL T75|Alarm 131
31-Dec-2022,service.almsind2@gmail.com,Alarm 132,MONNAL T75,MONNAL T75|Alarm 132
31-Dec-2022,service.almsind2@gmail.com,Alarm 133,MONNAL T75,MONNAL T75|Alarm 133
31-Dec-2022,service.almsind2@gmail.com,Alarm 134,MONNAL T75,MONNAL T75|Alarm 134
31-Dec-2022,service.almsind2@gmail.com,Alarm 135,MONNAL T75,MONNAL T75|Alarm 135
31-Dec-2022,service.almsind2@gmail.com,Alarm 136,MONNAL T75,MONNAL T75|Alarm 136
31-Dec-2022,service.almsind2@gmail.com,Alarm 137,MONNAL T75,MONNAL T75|Alarm 137
31-Dec-2022,service.almsind2@gmail.com,Alarm 138,MONNAL T75,MONNAL T75|Alarm 138
31-Dec-2022,service.almsind2@gmail.com,Alarm 139,MONNAL T75,MONNAL T75|Alarm 139
31-Dec-2022,service.almsind2@gmail.com,Alarm: Failure,MONNAL T75,MONNAL T75|Alarm: Failure
31-Dec-2022,service.almsind2@gmail.com,Automatic test failed,MONNAL T75,MONNAL T75|Automatic test failed
31-Dec-2022,service.almsind2@gmail.com,Battery: incorrect information,MONNAL T75,MONNAL T75|Battery: incorrect information
31-Dec-2022,service.almsind2@gmail.com,Battery: no charge,MONNAL T75,MONNAL T75|Battery: no charge
31-Dec-2022,service.almsind2@gmail.com,Battery: no detection,MONNAL T75,MONNAL T75|Battery: no detection
31-Dec-2022,service.almsind2@gmail.com,Battery: reduced autonomy,MONNAL T75,MONNAL T75|Battery: reduced autonomy
31-Dec-2022,service.almsind2@gmail.com,Breakage of items other than Mano / Tipi,MONNAL T75,MONNAL T75|Breakage of items other than Mano / Tipi
31-Dec-2022,service.almsind2@gmail.com,Button: Difficult / impossible maneuver,MONNAL T75,MONNAL T75|Button: Difficult / impossible maneuver
31-Dec-2022,service.almsind2@gmail.com,Calibration: impossible,MONNAL T75,MONNAL T75|Calibration: impossible
31-Dec-2022,service.almsind2@gmail.com,Cleanliness,MONNAL T75,MONNAL T75|Cleanliness
31-Dec-2022,service.almsind2@gmail.com,Configuration,MONNAL T75,MONNAL T75|Configuration
31-Dec-2022,service.almsind2@gmail.com,Connection: electric,MONNAL T75,MONNAL T75|Connection: electric
31-Dec-2022,service.almsind2@gmail.com,Connection: mechanical,MONNAL T75,MONNAL T75|Connection: mechanical
31-Dec-2022,service.almsind2@gmail.com,Connection: Pneumatic,MONNAL T75,MONNAL T75|Connection: Pneumatic
31-Dec-2022,service.almsind2@gmail.com,Customer feedback,MONNAL T75,MONNAL T75|Customer feedback
31-Dec-2022,service.almsind2@gmail.com,Defective component,MONNAL T75,MONNAL T75|Defective component
31-Dec-2022,service.almsind2@gmail.com,Degraded ventilation,MONNAL T75,MONNAL T75|Degraded ventilation
31-Dec-2022,service.almsind2@gmail.com,Dressing: aspect,MONNAL T75,MONNAL T75|Dressing: aspect
31-Dec-2022,service.almsind2@gmail.com,Dressing: cracks,MONNAL T75,MONNAL T75|Dressing: cracks
31-Dec-2022,service.almsind2@gmail.com,Dressing: Missing,MONNAL T75,MONNAL T75|Dressing: Missing
31-Dec-2022,service.almsind2@gmail.com,Eject part,MONNAL T75,MONNAL T75|Eject part
31-Dec-2022,service.almsind2@gmail.com,Expi valve: crack,MONNAL T75,MONNAL T75|Expi valve: crack
31-Dec-2022,service.almsind2@gmail.com,External device communication,MONNAL T75,MONNAL T75|External device communication
31-Dec-2022,service.almsind2@gmail.com,Fail to self-tests,MONNAL T75,MONNAL T75|Fail to self-tests
31-Dec-2022,service.almsind2@gmail.com,FiO2: monitoring,MONNAL T75,MONNAL T75|FiO2: monitoring
31-Dec-2022,service.almsind2@gmail.com,Fitting: Loose / Lost,MONNAL T75,MONNAL T75|Fitting: Loose / Lost
31-Dec-2022,service.almsind2@gmail.com,Fixation,MONNAL T75,MONNAL T75|Fixation
31-Dec-2022,service.almsind2@gmail.com,Flow rate: Non compliant,MONNAL T75,MONNAL T75|Flow rate: Non compliant
31-Dec-2022,service.almsind2@gmail.com,Flow: Absence,MONNAL T75,MONNAL T75|Flow: Absence
31-Dec-2022,service.almsind2@gmail.com,Fuse burn,MONNAL T75,MONNAL T75|Fuse burn
31-Dec-2022,service.almsind2@gmail.com,HMI: reboot,MONNAL T75,MONNAL T75|HMI: reboot
31-Dec-2022,service.almsind2@gmail.com,Incoherent information,MONNAL T75,MONNAL T75|Incoherent information
31-Dec-2022,service.almsind2@gmail.com,Incomplete kit,MONNAL T75,MONNAL T75|Incomplete kit
31-Dec-2022,service.almsind2@gmail.com,Installation: difficult / impossible,MONNAL T75,MONNAL T75|Installation: difficult / impossible
31-Dec-2022,service.almsind2@gmail.com,Inversion: failure,MONNAL T75,MONNAL T75|Inversion: failure
31-Dec-2022,service.almsind2@gmail.com,Lexan taken off,MONNAL T75,MONNAL T75|Lexan taken off
31-Dec-2022,service.almsind2@gmail.com,M / A switch,MONNAL T75,MONNAL T75|M / A switch
31-Dec-2022,service.almsind2@gmail.com,Maintenance mode: Access,MONNAL T75,MONNAL T75|Maintenance mode: Access
31-Dec-2022,service.almsind2@gmail.com,Missing option,MONNAL T75,MONNAL T75|Missing option
31-Dec-2022,service.almsind2@gmail.com,Missing piece,MONNAL T75,MONNAL T75|Missing piece
31-Dec-2022,service.almsind2@gmail.com,Monitoring: curves / trends / measures,MONNAL T75,MONNAL T75|Monitoring: curves / trends / measures
31-Dec-2022,service.almsind2@gmail.com,Noise,MONNAL T75,MONNAL T75|Noise
31-Dec-2022,service.almsind2@gmail.com,No main indication,MONNAL T75,MONNAL T75|No main indication
31-Dec-2022,service.almsind2@gmail.com,No ventilation,MONNAL T75,MONNAL T75|No ventilation
31-Dec-2022,service.almsind2@gmail.com,Other,MONNAL T75,MONNAL T75|Other
31-Dec-2022,service.almsind2@gmail.com,Parameter setting: setpoints / thresholds / menu,MONNAL T75,MONNAL T75|Parameter setting: setpoints / thresholds / menu
31-Dec-2022,service.almsind2@gmail.com,Power supply: non-switching,MONNAL T75,MONNAL T75|Power supply: non-switching
31-Dec-2022,service.almsind2@gmail.com,Pressure rise,MONNAL T75,MONNAL T75|Pressure rise
31-Dec-2022,service.almsind2@gmail.com,Pressure: Not in conformity,MONNAL T75,MONNAL T75|Pressure: Not in conformity
31-Dec-2022,service.almsind2@gmail.com,Resistor circuit not evaluated,MONNAL T75,MONNAL T75|Resistor circuit not evaluated
31-Dec-2022,service.almsind2@gmail.com,Screen: brightness,MONNAL T75,MONNAL T75|Screen: brightness
31-Dec-2022,service.almsind2@gmail.com,Screen: display error,MONNAL T75,MONNAL T75|Screen: display error
31-Dec-2022,service.almsind2@gmail.com,Screen: touch screen,MONNAL T75,MONNAL T75|Screen: touch screen
31-Dec-2022,service.almsind2@gmail.com,Seams: Appearance,MONNAL T75,MONNAL T75|Seams: Appearance
31-Dec-2022,service.almsind2@gmail.com,Sensor: Measurement fault,MONNAL T75,MONNAL T75|Sensor: Measurement fault
31-Dec-2022,service.almsind2@gmail.com,Soft update impossible,MONNAL T75,MONNAL T75|Soft update impossible
31-Dec-2022,service.almsind2@gmail.com,Software compatibility,MONNAL T75,MONNAL T75|Software compatibility
31-Dec-2022,service.almsind2@gmail.com,Start: black screen,MONNAL T75,MONNAL T75|Start: black screen
31-Dec-2022,service.almsind2@gmail.com,Start: impossible,MONNAL T75,MONNAL T75|Start: impossible
31-Dec-2022,service.almsind2@gmail.com,Startup: Untimely,MONNAL T75,MONNAL T75|Startup: Untimely
31-Dec-2022,service.almsind2@gmail.com,To define,MONNAL T75,MONNAL T75|To define
31-Dec-2022,service.almsind2@gmail.com,Traceability: insufficient,MONNAL T75,MONNAL T75|Traceability: insufficient
31-Dec-2022,service.almsind2@gmail.com,Traceability: wrong,MONNAL T75,MONNAL T75|Traceability: wrong
31-Dec-2022,service.almsind2@gmail.com,Universal support: feet,MONNAL T75,MONNAL T75|Universal support: feet
31-Dec-2022,service.almsind2@gmail.com,Universal support: fixation,MONNAL T75,MONNAL T75|Universal support: fixation
31-Dec-2022,service.almsind2@gmail.com,Validation not possible,MONNAL T75,MONNAL T75|Validation not possible
31-Dec-2022,service.almsind2@gmail.com,Ventilation shutdown,MONNAL T75,MONNAL T75|Ventilation shutdown
31-Dec-2022,service.almsind2@gmail.com,Ventilation shutdown with alarm,MONNAL T75,MONNAL T75|Ventilation shutdown with alarm
31-Dec-2022,service.almsind2@gmail.com,Ventilation shutdown without alarm,MONNAL T75,MONNAL T75|Ventilation shutdown without alarm
31-Dec-2022,service.almsind2@gmail.com,Wrong S / N,MONNAL T75,MONNAL T75|Wrong S / N
31-Dec-2022,service.almsind2@gmail.com,ACCESSORY ISSUE,COMM,COMM|ACCESSORY ISSUE
31-Dec-2022,service.almsind2@gmail.com,ACCESSORY MISSING,COMM,COMM|ACCESSORY MISSING
31-Dec-2022,service.almsind2@gmail.com,ACCESSORY: INTEGRATION,COMM,COMM|ACCESSORY: INTEGRATION
31-Dec-2022,service.almsind2@gmail.com,ADC FAIL,COMM,COMM|ADC FAIL
31-Dec-2022,service.almsind2@gmail.com,AIR AND O2 HOSE ISSUE,COMM,COMM|AIR AND O2 HOSE ISSUE
31-Dec-2022,service.almsind2@gmail.com,AIR AND O2 INLET LEAK,COMM,COMM|AIR AND O2 INLET LEAK
31-Dec-2022,service.almsind2@gmail.com,AIR HOSE ISSUE,COMM,COMM|AIR HOSE ISSUE
31-Dec-2022,service.almsind2@gmail.com,AIR INLET LEAK,COMM,COMM|AIR INLET LEAK
31-Dec-2022,service.almsind2@gmail.com,AIR SUPPLY FAILURE,COMM,COMM|AIR SUPPLY FAILURE
31-Dec-2022,service.almsind2@gmail.com,ALARM 001,COMM,COMM|ALARM 001
31-Dec-2022,service.almsind2@gmail.com,ALARM 002,COMM,COMM|ALARM 002
31-Dec-2022,service.almsind2@gmail.com,ALARM 003,COMM,COMM|ALARM 003
31-Dec-2022,service.almsind2@gmail.com,ALARM 004,COMM,COMM|ALARM 004
31-Dec-2022,service.almsind2@gmail.com,ALARM 005,COMM,COMM|ALARM 005
31-Dec-2022,service.almsind2@gmail.com,ALARM 006,COMM,COMM|ALARM 006
31-Dec-2022,service.almsind2@gmail.com,ALARM 007,COMM,COMM|ALARM 007
31-Dec-2022,service.almsind2@gmail.com,ALARM 008,COMM,COMM|ALARM 008
31-Dec-2022,service.almsind2@gmail.com,ALARM 009,COMM,COMM|ALARM 009
31-Dec-2022,service.almsind2@gmail.com,ALARM 010,COMM,COMM|ALARM 010
31-Dec-2022,service.almsind2@gmail.com,ALARM 011,COMM,COMM|ALARM 011
31-Dec-2022,service.almsind2@gmail.com,ALARM 012,COMM,COMM|ALARM 012
31-Dec-2022,service.almsind2@gmail.com,ALARM 013,COMM,COMM|ALARM 013
31-Dec-2022,service.almsind2@gmail.com,ALARM 014,COMM,COMM|ALARM 014
31-Dec-2022,service.almsind2@gmail.com,ALARM 015,COMM,COMM|ALARM 015
31-Dec-2022,service.almsind2@gmail.com,ALARM 016,COMM,COMM|ALARM 016
31-Dec-2022,service.almsind2@gmail.com,ALARM 017,COMM,COMM|ALARM 017
31-Dec-2022,service.almsind2@gmail.com,ALARM 018,COMM,COMM|ALARM 018
31-Dec-2022,service.almsind2@gmail.com,ALARM 019,COMM,COMM|ALARM 019
31-Dec-2022,service.almsind2@gmail.com,ALARM 020,COMM,COMM|ALARM 020
31-Dec-2022,service.almsind2@gmail.com,ALARM 021,COMM,COMM|ALARM 021
31-Dec-2022,service.almsind2@gmail.com,ALARM 022,COMM,COMM|ALARM 022
31-Dec-2022,service.almsind2@gmail.com,ALARM 023,COMM,COMM|ALARM 023
31-Dec-2022,service.almsind2@gmail.com,ALARM 024,COMM,COMM|ALARM 024
31-Dec-2022,service.almsind2@gmail.com,ALARM 025,COMM,COMM|ALARM 025
31-Dec-2022,service.almsind2@gmail.com,ALARM 026,COMM,COMM|ALARM 026
31-Dec-2022,service.almsind2@gmail.com,ALARM 027,COMM,COMM|ALARM 027
31-Dec-2022,service.almsind2@gmail.com,ALARM 028,COMM,COMM|ALARM 028
31-Dec-2022,service.almsind2@gmail.com,ALARM 029,COMM,COMM|ALARM 029
31-Dec-2022,service.almsind2@gmail.com,ALARM 030,COMM,COMM|ALARM 030
31-Dec-2022,service.almsind2@gmail.com,ALARM 031,COMM,COMM|ALARM 031
31-Dec-2022,service.almsind2@gmail.com,ALARM 032,COMM,COMM|ALARM 032
31-Dec-2022,service.almsind2@gmail.com,ALARM 033,COMM,COMM|ALARM 033
31-Dec-2022,service.almsind2@gmail.com,ALARM 034,COMM,COMM|ALARM 034
31-Dec-2022,service.almsind2@gmail.com,ALARM 035,COMM,COMM|ALARM 035
31-Dec-2022,service.almsind2@gmail.com,ALARM 036,COMM,COMM|ALARM 036
31-Dec-2022,service.almsind2@gmail.com,ALARM 037,COMM,COMM|ALARM 037
31-Dec-2022,service.almsind2@gmail.com,ALARM 038,COMM,COMM|ALARM 038
31-Dec-2022,service.almsind2@gmail.com,ALARM 039,COMM,COMM|ALARM 039
31-Dec-2022,service.almsind2@gmail.com,ALARM 040,COMM,COMM|ALARM 040
31-Dec-2022,service.almsind2@gmail.com,ALARM 041,COMM,COMM|ALARM 041
31-Dec-2022,service.almsind2@gmail.com,ALARM 042,COMM,COMM|ALARM 042
31-Dec-2022,service.almsind2@gmail.com,ALARM 043,COMM,COMM|ALARM 043
31-Dec-2022,service.almsind2@gmail.com,ALARM 044,COMM,COMM|ALARM 044
31-Dec-2022,service.almsind2@gmail.com,ALARM 045,COMM,COMM|ALARM 045
31-Dec-2022,service.almsind2@gmail.com,ALARM 046,COMM,COMM|ALARM 046
31-Dec-2022,service.almsind2@gmail.com,ALARM 047,COMM,COMM|ALARM 047
31-Dec-2022,service.almsind2@gmail.com,ALARM 048,COMM,COMM|ALARM 048
31-Dec-2022,service.almsind2@gmail.com,ALARM 049,COMM,COMM|ALARM 049
31-Dec-2022,service.almsind2@gmail.com,ALARM 050,COMM,COMM|ALARM 050
31-Dec-2022,service.almsind2@gmail.com,ALARM 051,COMM,COMM|ALARM 051
31-Dec-2022,service.almsind2@gmail.com,ALARM 052,COMM,COMM|ALARM 052
31-Dec-2022,service.almsind2@gmail.com,ALARM 053,COMM,COMM|ALARM 053
31-Dec-2022,service.almsind2@gmail.com,ALARM 054,COMM,COMM|ALARM 054
31-Dec-2022,service.almsind2@gmail.com,ALARM 055,COMM,COMM|ALARM 055
31-Dec-2022,service.almsind2@gmail.com,ALARM 056,COMM,COMM|ALARM 056
31-Dec-2022,service.almsind2@gmail.com,ALARM 057,COMM,COMM|ALARM 057
31-Dec-2022,service.almsind2@gmail.com,ALARM 058,COMM,COMM|ALARM 058
31-Dec-2022,service.almsind2@gmail.com,ALARM 059,COMM,COMM|ALARM 059
31-Dec-2022,service.almsind2@gmail.com,ALARM 060,COMM,COMM|ALARM 060
31-Dec-2022,service.almsind2@gmail.com,ALARM 061,COMM,COMM|ALARM 061
31-Dec-2022,service.almsind2@gmail.com,ALARM 062,COMM,COMM|ALARM 062
31-Dec-2022,service.almsind2@gmail.com,ALARM 063,COMM,COMM|ALARM 063
31-Dec-2022,service.almsind2@gmail.com,ALARM 064,COMM,COMM|ALARM 064
31-Dec-2022,service.almsind2@gmail.com,ALARM 065,COMM,COMM|ALARM 065
31-Dec-2022,service.almsind2@gmail.com,ALARM 066,COMM,COMM|ALARM 066
31-Dec-2022,service.almsind2@gmail.com,ALARM 067,COMM,COMM|ALARM 067
31-Dec-2022,service.almsind2@gmail.com,ALARM 068,COMM,COMM|ALARM 068
31-Dec-2022,service.almsind2@gmail.com,ALARM 069,COMM,COMM|ALARM 069
31-Dec-2022,service.almsind2@gmail.com,ALARM 070,COMM,COMM|ALARM 070
31-Dec-2022,service.almsind2@gmail.com,ALARM 071,COMM,COMM|ALARM 071
31-Dec-2022,service.almsind2@gmail.com,ALARM 072,COMM,COMM|ALARM 072
31-Dec-2022,service.almsind2@gmail.com,ALARM 073,COMM,COMM|ALARM 073
31-Dec-2022,service.almsind2@gmail.com,ALARM 074,COMM,COMM|ALARM 074
31-Dec-2022,service.almsind2@gmail.com,ALARM 075,COMM,COMM|ALARM 075
31-Dec-2022,service.almsind2@gmail.com,ALARM 076,COMM,COMM|ALARM 076
31-Dec-2022,service.almsind2@gmail.com,ALARM 077,COMM,COMM|ALARM 077
31-Dec-2022,service.almsind2@gmail.com,ALARM 078,COMM,COMM|ALARM 078
31-Dec-2022,service.almsind2@gmail.com,ALARM 079,COMM,COMM|ALARM 079
31-Dec-2022,service.almsind2@gmail.com,ALARM 080,COMM,COMM|ALARM 080
31-Dec-2022,service.almsind2@gmail.com,ALARM 081,COMM,COMM|ALARM 081
31-Dec-2022,service.almsind2@gmail.com,ALARM 082,COMM,COMM|ALARM 082
31-Dec-2022,service.almsind2@gmail.com,ALARM 083,COMM,COMM|ALARM 083
31-Dec-2022,service.almsind2@gmail.com,ALARM 084,COMM,COMM|ALARM 084
31-Dec-2022,service.almsind2@gmail.com,ALARM 085,COMM,COMM|ALARM 085
31-Dec-2022,service.almsind2@gmail.com,ALARM 086,COMM,COMM|ALARM 086
31-Dec-2022,service.almsind2@gmail.com,ALARM 087,COMM,COMM|ALARM 087
31-Dec-2022,service.almsind2@gmail.com,ALARM 088,COMM,COMM|ALARM 088
31-Dec-2022,service.almsind2@gmail.com,ALARM 089,COMM,COMM|ALARM 089
31-Dec-2022,service.almsind2@gmail.com,ALARM 090,COMM,COMM|ALARM 090
31-Dec-2022,service.almsind2@gmail.com,ALARM 091,COMM,COMM|ALARM 091
31-Dec-2022,service.almsind2@gmail.com,ALARM 092,COMM,COMM|ALARM 092
31-Dec-2022,service.almsind2@gmail.com,ALARM 093,COMM,COMM|ALARM 093
31-Dec-2022,service.almsind2@gmail.com,ALARM 094,COMM,COMM|ALARM 094
31-Dec-2022,service.almsind2@gmail.com,ALARM 095,COMM,COMM|ALARM 095
31-Dec-2022,service.almsind2@gmail.com,ALARM 096,COMM,COMM|ALARM 096
31-Dec-2022,service.almsind2@gmail.com,ALARM 097,COMM,COMM|ALARM 097
31-Dec-2022,service.almsind2@gmail.com,ALARM 098,COMM,COMM|ALARM 098
31-Dec-2022,service.almsind2@gmail.com,ALARM 099,COMM,COMM|ALARM 099
31-Dec-2022,service.almsind2@gmail.com,ALARM 100,COMM,COMM|ALARM 100
31-Dec-2022,service.almsind2@gmail.com,ALARM 101,COMM,COMM|ALARM 101
31-Dec-2022,service.almsind2@gmail.com,ALARM 102,COMM,COMM|ALARM 102
31-Dec-2022,service.almsind2@gmail.com,ALARM 103,COMM,COMM|ALARM 103
31-Dec-2022,service.almsind2@gmail.com,ALARM 104,COMM,COMM|ALARM 104
31-Dec-2022,service.almsind2@gmail.com,ALARM 105,COMM,COMM|ALARM 105
31-Dec-2022,service.almsind2@gmail.com,ALARM 106,COMM,COMM|ALARM 106
31-Dec-2022,service.almsind2@gmail.com,ALARM 107,COMM,COMM|ALARM 107
31-Dec-2022,service.almsind2@gmail.com,ALARM 108,COMM,COMM|ALARM 108
31-Dec-2022,service.almsind2@gmail.com,ALARM 109,COMM,COMM|ALARM 109
31-Dec-2022,service.almsind2@gmail.com,ALARM 110,COMM,COMM|ALARM 110
31-Dec-2022,service.almsind2@gmail.com,ALARM 111,COMM,COMM|ALARM 111
31-Dec-2022,service.almsind2@gmail.com,ALARM 112,COMM,COMM|ALARM 112
31-Dec-2022,service.almsind2@gmail.com,ALARM 113,COMM,COMM|ALARM 113
31-Dec-2022,service.almsind2@gmail.com,ALARM 114,COMM,COMM|ALARM 114
31-Dec-2022,service.almsind2@gmail.com,ALARM 115,COMM,COMM|ALARM 115
31-Dec-2022,service.almsind2@gmail.com,ALARM 116,COMM,COMM|ALARM 116
31-Dec-2022,service.almsind2@gmail.com,ALARM 117,COMM,COMM|ALARM 117
31-Dec-2022,service.almsind2@gmail.com,ALARM 118,COMM,COMM|ALARM 118
31-Dec-2022,service.almsind2@gmail.com,ALARM 119,COMM,COMM|ALARM 119
31-Dec-2022,service.almsind2@gmail.com,ALARM 120,COMM,COMM|ALARM 120
31-Dec-2022,service.almsind2@gmail.com,ALARM 121,COMM,COMM|ALARM 121
31-Dec-2022,service.almsind2@gmail.com,ALARM 122,COMM,COMM|ALARM 122
31-Dec-2022,service.almsind2@gmail.com,ALARM 123,COMM,COMM|ALARM 123
31-Dec-2022,service.almsind2@gmail.com,ALARM 124,COMM,COMM|ALARM 124
31-Dec-2022,service.almsind2@gmail.com,ALARM 125,COMM,COMM|ALARM 125
31-Dec-2022,service.almsind2@gmail.com,ALARM 126,COMM,COMM|ALARM 126
31-Dec-2022,service.almsind2@gmail.com,ALARM 127,COMM,COMM|ALARM 127
31-Dec-2022,service.almsind2@gmail.com,ALARM 128,COMM,COMM|ALARM 128
31-Dec-2022,service.almsind2@gmail.com,ALARM 129,COMM,COMM|ALARM 129
31-Dec-2022,service.almsind2@gmail.com,ALARM 130,COMM,COMM|ALARM 130
31-Dec-2022,service.almsind2@gmail.com,ALARM 131,COMM,COMM|ALARM 131
31-Dec-2022,service.almsind2@gmail.com,ALARM 132,COMM,COMM|ALARM 132
31-Dec-2022,service.almsind2@gmail.com,ALARM 133,COMM,COMM|ALARM 133
31-Dec-2022,service.almsind2@gmail.com,ALARM 134,COMM,COMM|ALARM 134
31-Dec-2022,service.almsind2@gmail.com,ALARM 135,COMM,COMM|ALARM 135
31-Dec-2022,service.almsind2@gmail.com,ALARM 136,COMM,COMM|ALARM 136
31-Dec-2022,service.almsind2@gmail.com,ALARM 137,COMM,COMM|ALARM 137
31-Dec-2022,service.almsind2@gmail.com,ALARM 138,COMM,COMM|ALARM 138
31-Dec-2022,service.almsind2@gmail.com,ALARM 139,COMM,COMM|ALARM 139
31-Dec-2022,service.almsind2@gmail.com,ALARM 140,COMM,COMM|ALARM 140
31-Dec-2022,service.almsind2@gmail.com,ALARM ISSUES,COMM,COMM|ALARM ISSUES
31-Dec-2022,service.almsind2@gmail.com,ALARM: FAILURE,COMM,COMM|ALARM: FAILURE
31-Dec-2022,service.almsind2@gmail.com,ASU FAILURE,COMM,COMM|ASU FAILURE
31-Dec-2022,service.almsind2@gmail.com,AUDIBLE LEAK,COMM,COMM|AUDIBLE LEAK
31-Dec-2022,service.almsind2@gmail.com,AUTO TEST FAILURE,COMM,COMM|AUTO TEST FAILURE
31-Dec-2022,service.almsind2@gmail.com,AUTO TRIGGERING ISSUE,COMM,COMM|AUTO TRIGGERING ISSUE
31-Dec-2022,service.almsind2@gmail.com,BACKLIGHT FAILURE,COMM,COMM|BACKLIGHT FAILURE
31-Dec-2022,service.almsind2@gmail.com,BATTERY : AUTONOMY REDUCED,COMM,COMM|BATTERY : AUTONOMY REDUCED
31-Dec-2022,service.almsind2@gmail.com,BATTERY : INCORRECT INFORMATION,COMM,COMM|BATTERY : INCORRECT INFORMATION
31-Dec-2022,service.almsind2@gmail.com,BATTERY : INTERNAL BATTERY INOPERANT,COMM,COMM|BATTERY : INTERNAL BATTERY INOPERANT
31-Dec-2022,service.almsind2@gmail.com,BATTERY : NO BACKUP,COMM,COMM|BATTERY : NO BACKUP
31-Dec-2022,service.almsind2@gmail.com,BATTERY : NO CHARGE,COMM,COMM|BATTERY : NO CHARGE
31-Dec-2022,service.almsind2@gmail.com,BATTERY : NO DETECTION,COMM,COMM|BATTERY : NO DETECTION
31-Dec-2022,service.almsind2@gmail.com,BATTERY : NO LOADING,COMM,COMM|BATTERY : NO LOADING
31-Dec-2022,service.almsind2@gmail.com,BATTERY : REDUCED AUTONOMY,COMM,COMM|BATTERY : REDUCED AUTONOMY
31-Dec-2022,service.almsind2@gmail.com,BATTERY CHARGER FAILURE,COMM,COMM|BATTERY CHARGER FAILURE
31-Dec-2022,service.almsind2@gmail.com,BATTERY: INCORRECT INFORMATION,COMM,COMM|BATTERY: INCORRECT INFORMATION
31-Dec-2022,service.almsind2@gmail.com,BLANK DISPALY,COMM,COMM|BLANK DISPALY
31-Dec-2022,service.almsind2@gmail.com,BREAKAGE OF ITEMS OTHER THAN MANO / TIPI,COMM,COMM|BREAKAGE OF ITEMS OTHER THAN MANO / TIPI
31-Dec-2022,service.almsind2@gmail.com,CABINET ISSUE,COMM,COMM|CABINET ISSUE
31-Dec-2022,service.almsind2@gmail.com,CALIBRATION: IMPOSSIBLE,COMM,COMM|CALIBRATION: IMPOSSIBLE
31-Dec-2022,service.almsind2@gmail.com,CLEANLINESS,COMM,COMM|CLEANLINESS
31-Dec-2022,service.almsind2@gmail.com,COMPONENT DEFECTIVE,COMM,COMM|COMPONENT DEFECTIVE
31-Dec-2022,service.almsind2@gmail.com,COMPONENT UNAVAILABLE,COMM,COMM|COMPONENT UNAVAILABLE
31-Dec-2022,service.almsind2@gmail.com,CONDITIONING,COMM,COMM|CONDITIONING
31-Dec-2022,service.almsind2@gmail.com,CONFIGURATION,COMM,COMM|CONFIGURATION
31-Dec-2022,service.almsind2@gmail.com,CONNECTION : ELETRICAL,COMM,COMM|CONNECTION : ELETRICAL
31-Dec-2022,service.almsind2@gmail.com,CONNECTION : MECHANICAL,COMM,COMM|CONNECTION : MECHANICAL
31-Dec-2022,service.almsind2@gmail.com,CONNECTION : PNEUMATIC,COMM,COMM|CONNECTION : PNEUMATIC
31-Dec-2022,service.almsind2@gmail.com,CONTINIOUS POWER FAILURE ALARM,COMM,COMM|CONTINIOUS POWER FAILURE ALARM
31-Dec-2022,service.almsind2@gmail.com,COOLING FAN ISSUE,COMM,COMM|COOLING FAN ISSUE
31-Dec-2022,service.almsind2@gmail.com,CPX CARE FAILURE,COMM,COMM|CPX CARE FAILURE
31-Dec-2022,service.almsind2@gmail.com,CPX FAILURE,COMM,COMM|CPX FAILURE
31-Dec-2022,service.almsind2@gmail.com,DEFECTIVE COMPONENT,COMM,COMM|DEFECTIVE COMPONENT
31-Dec-2022,service.almsind2@gmail.com,DEGRADED VENTILATION,COMM,COMM|DEGRADED VENTILATION
31-Dec-2022,service.almsind2@gmail.com,DEMO UNIT ISSUE,COMM,COMM|DEMO UNIT ISSUE
31-Dec-2022,service.almsind2@gmail.com,DEVICE GETTING HEATED UP,COMM,COMM|DEVICE GETTING HEATED UP
31-Dec-2022,service.almsind2@gmail.com,DEVICE GETTING RESET,COMM,COMM|DEVICE GETTING RESET
31-Dec-2022,service.almsind2@gmail.com,DEVICE NOT GETTING OFF,COMM,COMM|DEVICE NOT GETTING OFF
31-Dec-2022,service.almsind2@gmail.com,DEVICE NOT GETTING ON,COMM,COMM|DEVICE NOT GETTING ON
31-Dec-2022,service.almsind2@gmail.com,DEVICE WORKING ONLY ON BATTERY,COMM,COMM|DEVICE WORKING ONLY ON BATTERY
31-Dec-2022,service.almsind2@gmail.com,DISK BOOT ERROR,COMM,COMM|DISK BOOT ERROR
31-Dec-2022,service.almsind2@gmail.com,DISPLAY BLINKING,COMM,COMM|DISPLAY BLINKING
31-Dec-2022,service.almsind2@gmail.com,DISPLAY ISSUE,COMM,COMM|DISPLAY ISSUE
31-Dec-2022,service.almsind2@gmail.com,DRESSING: ASPECT,COMM,COMM|DRESSING: ASPECT
31-Dec-2022,service.almsind2@gmail.com,DRESSING: CRACKS,COMM,COMM|DRESSING: CRACKS
31-Dec-2022,service.almsind2@gmail.com,DRESSING: MISSING,COMM,COMM|DRESSING: MISSING
31-Dec-2022,service.almsind2@gmail.com,E-FLOW FAILURE,COMM,COMM|E-FLOW FAILURE
31-Dec-2022,service.almsind2@gmail.com,ENCODER (VALIDATE) NOT WORKING,COMM,COMM|ENCODER (VALIDATE) NOT WORKING
31-Dec-2022,service.almsind2@gmail.com,ENCODER KNOB ISSUE,COMM,COMM|ENCODER KNOB ISSUE
31-Dec-2022,service.almsind2@gmail.com,ETCO2 INPOERANT,COMM,COMM|ETCO2 INPOERANT
31-Dec-2022,service.almsind2@gmail.com,EXPI VALVE: CRACK,COMM,COMM|EXPI VALVE: CRACK
31-Dec-2022,service.almsind2@gmail.com,EXPIRATORY BRANCH OBSTRUCTED,COMM,COMM|EXPIRATORY BRANCH OBSTRUCTED
31-Dec-2022,service.almsind2@gmail.com,EXPIRATORY FLOW MEASUREMENT INOPERANT,COMM,COMM|EXPIRATORY FLOW MEASUREMENT INOPERANT
31-Dec-2022,service.almsind2@gmail.com,EXPIRATORY FLOW SENSOR FAILURE,COMM,COMM|EXPIRATORY FLOW SENSOR FAILURE
31-Dec-2022,service.almsind2@gmail.com,EXPIRATORY VALVE FAILURE,COMM,COMM|EXPIRATORY VALVE FAILURE
31-Dec-2022,service.almsind2@gmail.com,EXPIRATORY VALVE MALFUCTION,COMM,COMM|EXPIRATORY VALVE MALFUCTION
31-Dec-2022,service.almsind2@gmail.com,EXPIRATORY VALVE MEMBRANE ISSUE,COMM,COMM|EXPIRATORY VALVE MEMBRANE ISSUE
31-Dec-2022,service.almsind2@gmail.com,EXPIRATORY VALVE SLOPE ERROR,COMM,COMM|EXPIRATORY VALVE SLOPE ERROR
31-Dec-2022,service.almsind2@gmail.com,EXTERNAL DEVICE COMMUNICATION,COMM,COMM|EXTERNAL DEVICE COMMUNICATION
31-Dec-2022,service.almsind2@gmail.com,FAILURE AT FCGF,COMM,COMM|FAILURE AT FCGF
31-Dec-2022,service.almsind2@gmail.com,FATAL APPLICATION ERROR NOT ABLE TO SHUT DOWN,COMM,COMM|FATAL APPLICATION ERROR NOT ABLE TO SHUT DOWN
31-Dec-2022,service.almsind2@gmail.com,FIO2 ISSUE,COMM,COMM|FIO2 ISSUE
31-Dec-2022,service.almsind2@gmail.com,FIO2 KNOB ISSUE,COMM,COMM|FIO2 KNOB ISSUE
31-Dec-2022,service.almsind2@gmail.com,FIO2 SENSOR INOPERANT,COMM,COMM|FIO2 SENSOR INOPERANT
31-Dec-2022,service.almsind2@gmail.com,FIO2 SENSOR TO BE REPLACED SOON,COMM,COMM|FIO2 SENSOR TO BE REPLACED SOON
31-Dec-2022,service.almsind2@gmail.com,FIO2: MONITORING,COMM,COMM|FIO2: MONITORING
31-Dec-2022,service.almsind2@gmail.com,FITTING: LOOSE / LOST,COMM,COMM|FITTING: LOOSE / LOST
31-Dec-2022,service.almsind2@gmail.com,FIXATION,COMM,COMM|FIXATION
31-Dec-2022,service.almsind2@gmail.com,FLASH CARD ISSUE,COMM,COMM|FLASH CARD ISSUE
31-Dec-2022,service.almsind2@gmail.com,FLOW RATE: NON COMPLIANT,COMM,COMM|FLOW RATE: NON COMPLIANT
31-Dec-2022,service.almsind2@gmail.com,FLOW: ABSENCE,COMM,COMM|FLOW: ABSENCE
31-Dec-2022,service.almsind2@gmail.com,FUSE BLOWN,COMM,COMM|FUSE BLOWN
31-Dec-2022,service.almsind2@gmail.com,FUSE BURN,COMM,COMM|FUSE BURN
31-Dec-2022,service.almsind2@gmail.com,GOLD CONTACT ISSUE,COMM,COMM|GOLD CONTACT ISSUE
31-Dec-2022,service.almsind2@gmail.com,HIGH VTE ISSUE,COMM,COMM|HIGH VTE ISSUE
31-Dec-2022,service.almsind2@gmail.com,HIGH VTI ISSUE,COMM,COMM|HIGH VTI ISSUE
31-Dec-2022,service.almsind2@gmail.com,HMI: REBOOT,COMM,COMM|HMI: REBOOT
31-Dec-2022,service.almsind2@gmail.com,HUMIDIFIER FAILURE,COMM,COMM|HUMIDIFIER FAILURE
31-Dec-2022,service.almsind2@gmail.com,I-FLOW SENSOR FAILURE,COMM,COMM|I-FLOW SENSOR FAILURE
31-Dec-2022,service.almsind2@gmail.com,INSPIRATORY SENSOR ISSUE,COMM,COMM|INSPIRATORY SENSOR ISSUE
31-Dec-2022,service.almsind2@gmail.com,INSTALLATION: DIFFICULT / IMPOSSIBLE,COMM,COMM|INSTALLATION: DIFFICULT / IMPOSSIBLE
31-Dec-2022,service.almsind2@gmail.com,INTERNAL LEAK,COMM,COMM|INTERNAL LEAK
31-Dec-2022,service.almsind2@gmail.com,LEAK,COMM,COMM|LEAK
31-Dec-2022,service.almsind2@gmail.com,LEAK : O2 LP VALVE,COMM,COMM|LEAK : O2 LP VALVE
31-Dec-2022,service.almsind2@gmail.com,LEAK IN HP AIR INLET,COMM,COMM|LEAK IN HP AIR INLET
31-Dec-2022,service.almsind2@gmail.com,LEAK IN HP O2 INLET,COMM,COMM|LEAK IN HP O2 INLET
31-Dec-2022,service.almsind2@gmail.com,LEAK IN LOW O2 INLET,COMM,COMM|LEAK IN LOW O2 INLET
31-Dec-2022,service.almsind2@gmail.com,LEFT AND RIGHT LOUDSPEAKER INOPERANT,COMM,COMM|LEFT AND RIGHT LOUDSPEAKER INOPERANT
31-Dec-2022,service.almsind2@gmail.com,LOST CONNECTION IN STANDBY,COMM,COMM|LOST CONNECTION IN STANDBY
31-Dec-2022,service.almsind2@gmail.com,LOST CONNECTION IN VENTILATION,COMM,COMM|LOST CONNECTION IN VENTILATION
31-Dec-2022,service.almsind2@gmail.com,LOW AIR INLET,COMM,COMM|LOW AIR INLET
31-Dec-2022,service.almsind2@gmail.com,LOW FIO2,COMM,COMM|LOW FIO2
31-Dec-2022,service.almsind2@gmail.com,LOW VTE ISSUE,COMM,COMM|LOW VTE ISSUE
31-Dec-2022,service.almsind2@gmail.com,LOW VTI ISSUE,COMM,COMM|LOW VTI ISSUE
31-Dec-2022,service.almsind2@gmail.com,MAINS CABLE ISSUE,COMM,COMM|MAINS CABLE ISSUE
31-Dec-2022,service.almsind2@gmail.com,MAINS INLET FAILURE,COMM,COMM|MAINS INLET FAILURE
31-Dec-2022,service.almsind2@gmail.com,MINOR FAILURE DETECTED,COMM,COMM|MINOR FAILURE DETECTED
31-Dec-2022,service.almsind2@gmail.com,MIXER DRIVER FAILURE,COMM,COMM|MIXER DRIVER FAILURE
31-Dec-2022,service.almsind2@gmail.com,MONITOR RECEPTION FAILURE,COMM,COMM|MONITOR RECEPTION FAILURE
31-Dec-2022,service.almsind2@gmail.com,MONITORING: CURVES / TRENDS / MEASURES,COMM,COMM|MONITORING: CURVES / TRENDS / MEASURES
31-Dec-2022,service.almsind2@gmail.com,MT60 TROLLEY ISSUE,COMM,COMM|MT60 TROLLEY ISSUE
31-Dec-2022,service.almsind2@gmail.com,MT75 BASE PLATE BROKEN,COMM,COMM|MT75 BASE PLATE BROKEN
31-Dec-2022,service.almsind2@gmail.com,NEBULISATION ISSUE,COMM,COMM|NEBULISATION ISSUE
31-Dec-2022,service.almsind2@gmail.com,NIV ISSUE,COMM,COMM|NIV ISSUE
31-Dec-2022,service.almsind2@gmail.com,NO INSPIRATION,COMM,COMM|NO INSPIRATION
31-Dec-2022,service.almsind2@gmail.com,NO LOW BATTERY ALARM,COMM,COMM|NO LOW BATTERY ALARM
31-Dec-2022,service.almsind2@gmail.com,NO MAINS INDICATION,COMM,COMM|NO MAINS INDICATION
31-Dec-2022,service.almsind2@gmail.com,NO PATIENT DISCONNECTION ALARM,COMM,COMM|NO PATIENT DISCONNECTION ALARM
31-Dec-2022,service.almsind2@gmail.com,NO POWER INDICATION,COMM,COMM|NO POWER INDICATION
31-Dec-2022,service.almsind2@gmail.com,NO VENTILATION,COMM,COMM|NO VENTILATION
31-Dec-2022,service.almsind2@gmail.com,NOISE,COMM,COMM|NOISE
31-Dec-2022,service.almsind2@gmail.com,NON DELIVERED PIECE,COMM,COMM|NON DELIVERED PIECE
31-Dec-2022,service.almsind2@gmail.com,O2 SUPPLY FAILURE,COMM,COMM|O2 SUPPLY FAILURE
31-Dec-2022,service.almsind2@gmail.com,ON SINGLE GAS SUPPLY - NO VENTILATION,COMM,COMM|ON SINGLE GAS SUPPLY - NO VENTILATION
31-Dec-2022,service.almsind2@gmail.com,OXYGEN THERAPY ISSUE,COMM,COMM|OXYGEN THERAPY ISSUE
31-Dec-2022,service.almsind2@gmail.com,PACKAGING,COMM,COMM|PACKAGING
31-Dec-2022,service.almsind2@gmail.com,PARAMETER SETTING: SETPOINTS / THRESHOLDS / MENU,COMM,COMM|PARAMETER SETTING: SETPOINTS / THRESHOLDS / MENU
31-Dec-2022,service.almsind2@gmail.com,PATIENT DISCONNECTION,COMM,COMM|PATIENT DISCONNECTION
31-Dec-2022,service.almsind2@gmail.com,PEEP ISSUE,COMM,COMM|PEEP ISSUE
31-Dec-2022,service.almsind2@gmail.com,PERFORMANCE ISSUE,COMM,COMM|PERFORMANCE ISSUE
31-Dec-2022,service.almsind2@gmail.com,POWER ISSUE,COMM,COMM|POWER ISSUE
31-Dec-2022,service.almsind2@gmail.com,POWER RECEPTION FAILURE,COMM,COMM|POWER RECEPTION FAILURE
31-Dec-2022,service.almsind2@gmail.com,POWER SUPPLY ISSUE,COMM,COMM|POWER SUPPLY ISSUE
31-Dec-2022,service.almsind2@gmail.com,POWER SUPPLY: NOT SWITCHING,COMM,COMM|POWER SUPPLY: NOT SWITCHING
31-Dec-2022,service.almsind2@gmail.com,PRESSURE RISE,COMM,COMM|PRESSURE RISE
31-Dec-2022,service.almsind2@gmail.com,PRESSURE SENSOR IN OPERANT,COMM,COMM|PRESSURE SENSOR IN OPERANT
31-Dec-2022,service.almsind2@gmail.com,PRESSURE: NOT IN CONFORMITY,COMM,COMM|PRESSURE: NOT IN CONFORMITY
31-Dec-2022,service.almsind2@gmail.com,REPLACE BATTERY,COMM,COMM|REPLACE BATTERY
31-Dec-2022,service.almsind2@gmail.com,RESET ISSUE,COMM,COMM|RESET ISSUE
31-Dec-2022,service.almsind2@gmail.com,SCRATCHES FOUND IN STEM,COMM,COMM|SCRATCHES FOUND IN STEM
31-Dec-2022,service.almsind2@gmail.com,SCREEN : BRIGHTNESS,COMM,COMM|SCREEN : BRIGHTNESS
31-Dec-2022,service.almsind2@gmail.com,SCREEN : DISPLAY DEFAULT,COMM,COMM|SCREEN : DISPLAY DEFAULT
31-Dec-2022,service.almsind2@gmail.com,SCREEN : DISPLAY ERROR,COMM,COMM|SCREEN : DISPLAY ERROR
31-Dec-2022,service.almsind2@gmail.com,SCREEN : HANGING ISSUE,COMM,COMM|SCREEN : HANGING ISSUE
31-Dec-2022,service.almsind2@gmail.com,SCREEN : LUMINOSITY,COMM,COMM|SCREEN : LUMINOSITY
,,,,
31-Dec-2022,service.almsind2@gmail.com,SCREEN : WHITE SCREEN,COMM,COMM|SCREEN : WHITE SCREEN
31-Dec-2022,service.almsind2@gmail.com,SLAVE RECEPTION FAILURE,COMM,COMM|SLAVE RECEPTION FAILURE
31-Dec-2022,service.almsind2@gmail.com,SLOPE ERROR,COMM,COMM|SLOPE ERROR
31-Dec-2022,service.almsind2@gmail.com,SOFTWARE COMPATIBILITY,COMM,COMM|SOFTWARE COMPATIBILITY
31-Dec-2022,service.almsind2@gmail.com,SOFTWARE ISSUE,COMM,COMM|SOFTWARE ISSUE
31-Dec-2022,service.almsind2@gmail.com,SOFTWARE UPDATE IMPOSSIBLE,COMM,COMM|SOFTWARE UPDATE IMPOSSIBLE
31-Dec-2022,service.almsind2@gmail.com,SOFTWARE UPGRADATION,COMM,COMM|SOFTWARE UPGRADATION
31-Dec-2022,service.almsind2@gmail.com,SPEED FAULT ERROR,COMM,COMM|SPEED FAULT ERROR
31-Dec-2022,service.almsind2@gmail.com,SUDDENLY SWITCHED OFF,COMM,COMM|SUDDENLY SWITCHED OFF
31-Dec-2022,service.almsind2@gmail.com,TIDAL VOLUME ISSUES,COMM,COMM|TIDAL VOLUME ISSUES
31-Dec-2022,service.almsind2@gmail.com,TOP JAR ISSUE,COMM,COMM|TOP JAR ISSUE
,,,,
,,,,
,,,,
31-Dec-2022,service.almsind2@gmail.com,UPGRADATION,COMM,COMM|UPGRADATION
31-Dec-2022,service.almsind2@gmail.com,VENTILATION DEGRADED,COMM,COMM|VENTILATION DEGRADED
31-Dec-2022,service.almsind2@gmail.com,VENTILATION SHUTDOWN,COMM,COMM|VENTILATION SHUTDOWN
31-Dec-2022,service.almsind2@gmail.com,VENTILATION SHUTDOWN WITH ALARM,COMM,COMM|VENTILATION SHUTDOWN WITH ALARM
31-Dec-2022,service.almsind2@gmail.com,VENTILATION SHUTDOWN WITHOUT ALARM,COMM,COMM|VENTILATION SHUTDOWN WITHOUT ALARM
31-Dec-2022,service.almsind2@gmail.com,VENTILATION STOP WITHOUT ALARM,COMM,COMM|VENTILATION STOP WITHOUT ALARM
31-Dec-2022,service.almsind2@gmail.com,VENTILATOR IN OPERANT,COMM,COMM|VENTILATOR IN OPERANT
31-Dec-2022,service.almsind2@gmail.com,VTE SHOWS 00,COMM,COMM|VTE SHOWS 00
31-Dec-2022,service.almsind2@gmail.com,VTE VARIATIONS,COMM,COMM|VTE VARIATIONS
31-Dec-2022,service.almsind2@gmail.com,VTI SHOWS 00,COMM,COMM|VTI SHOWS 00
31-Dec-2022,service.almsind2@gmail.com,WHILE INSTALLING FOUND DISPLAY NOT WORKING PROPERLY,COMM,COMM|WHILE INSTALLING FOUND DISPLAY NOT WORKING PROPERLY
31-Dec-2022,service.almsind2@gmail.com,WRONG INFORMATION,COMM,COMM|WRONG INFORMATION
31-Dec-2022,service.almsind2@gmail.com,WRONG S / N,COMM,COMM|WRONG S / N
04-Jan-2023,pmbraj5679@gmail.com,TOUCH FUNCTION FAILURE,COMM,COMM|TOUCH FUNCTION FAILURE
12-Jan-2023,pmbraj5679@gmail.com,LOW PRESSURE <2BAR,COMM,COMM|LOW PRESSURE <2BAR
12-Jan-2023,pmbraj5679@gmail.com,NO PRESSURE OUTPUT,COMM,COMM|NO PRESSURE OUTPUT
12-Jan-2023,pmbraj5679@gmail.com,INSPIRATORY CASSETTE ISSUE,COMM,COMM|INSPIRATORY CASSETTE ISSUE
07-Feb-2023,pmbraj5679@gmail.com,FSCA R1904280,MONNAL T60,MONNAL T60|FSCA R1904280
13-Apr-2023,pmbraj5679@gmail.com,P M VISIT,COMM,COMM|P M VISIT
15-Apr-2023,pmbraj5679@gmail.com,HIGH PRESSURE ISSUE,COMM,COMM|HIGH PRESSURE ISSUE
05-Jun-2023,pmbraj5679@gmail.com,O2 CELL DOOR ISSUE,COMM,COMM|O2 CELL DOOR ISSUE
13-Jun-2023,pmbraj5679@gmail.com,O2 HOSE LEAK,COMM,COMM|O2 HOSE LEAK
27-Oct-2023,pmbraj5679@gmail.com,MOISTURE ISSUE,COMM,COMM|MOISTURE ISSUE
,,,,
06-Nov-2023,rithi.adm@gmail.com,ALTERNATE SERVICE,COMM,COMM|ALTERNATE SERVICE
06-Nov-2023,rithi.adm@gmail.com,CRISIS-ENGINEER UNABLE TO ATTEND,COMM,COMM|CRISIS-ENGINEER UNABLE TO ATTEND
06-Nov-2023,rithi.adm@gmail.com,CUSTOMER DECISION BUY BACK,COMM,COMM|CUSTOMER DECISION BUY BACK
06-Nov-2023,rithi.adm@gmail.com,Customer donated.,COMM,COMM|Customer donated.
06-Nov-2023,rithi.adm@gmail.com,CUSTOMER NOT APPROVED THE ESTIMATE,COMM,COMM|CUSTOMER NOT APPROVED THE ESTIMATE
06-Nov-2023,rithi.adm@gmail.com,Customer returned the equipment.,COMM,COMM|Customer returned the equipment.
06-Nov-2023,rithi.adm@gmail.com,Demo unit PM call generated,COMM,COMM|Demo unit PM call generated
06-Nov-2023,rithi.adm@gmail.com,For Training Purpose,COMM,COMM|For Training Purpose
06-Nov-2023,rithi.adm@gmail.com,"Machine Not Installed, Wrong PM call generated",COMM,"COMM|Machine Not Installed, Wrong PM call generated"
06-Nov-2023,rithi.adm@gmail.com,Order Cancelled,COMM,COMM|Order Cancelled
06-Nov-2023,rithi.adm@gmail.com,PM CALL GENERATED DEMO EQUIPMENT,COMM,COMM|PM CALL GENERATED DEMO EQUIPMENT
06-Nov-2023,rithi.adm@gmail.com,PM CALLS CANCELLED ON 18 Nov 2017,COMM,COMM|PM CALLS CANCELLED ON 18 Nov 2017
06-Nov-2023,rithi.adm@gmail.com,PM calls created dealer name,COMM,COMM|PM calls created dealer name
06-Nov-2023,rithi.adm@gmail.com,Product transfer purpose call created,COMM,COMM|Product transfer purpose call created
06-Nov-2023,rithi.adm@gmail.com,SCHEDULE CALL CREATED FROM DEALER NAME,COMM,COMM|SCHEDULE CALL CREATED FROM DEALER NAME
06-Nov-2023,rithi.adm@gmail.com,UNABLE TO REPORT IN WINMAX,COMM,COMM|UNABLE TO REPORT IN WINMAX
06-Nov-2023,rithi.adm@gmail.com,WRONG CALL REGISTRATION,COMM,COMM|WRONG CALL REGISTRATION
06-Nov-2023,rithi.adm@gmail.com,Wrong PM Calls created (Sale invoice cancelled),COMM,COMM|Wrong PM Calls created (Sale invoice cancelled)
06-Nov-2023,rithi.adm@gmail.com,WRONG PM CALLS CREATED (SOFTWARE ISSUE),COMM,COMM|WRONG PM CALLS CREATED (SOFTWARE ISSUE)
06-Nov-2023,rithi.adm@gmail.com,Wrong sl.no. entered,COMM,COMM|Wrong sl.no. entered
06-Nov-2023,rithi.adm@gmail.com,Wrong supply,COMM,COMM|Wrong supply
06-Nov-2023,rithi.adm@gmail.com,Wrong supply (Dealer),COMM,COMM|Wrong supply (Dealer)
06-Nov-2023,rithi.adm@gmail.com,Wrongly entered dealer name.,COMM,COMM|Wrongly entered dealer name.
06-Nov-2023,rithi.adm@gmail.com,Customer Denied,COMM,COMM|Customer Denied
06-Nov-2023,rithi.adm@gmail.com,Repeated Calls-Software Issue,COMM,COMM|Repeated Calls-Software Issue
06-Nov-2023,rithi.adm@gmail.com,INSTALLATION IS NOT COMPLETED,COMM,COMM|INSTALLATION IS NOT COMPLETED
06-Nov-2023,rithi.adm@gmail.com,PRODUCT TRANSFERRED TO DIFFERENT PARTY,COMM,COMM|PRODUCT TRANSFERRED TO DIFFERENT PARTY
06-Nov-2023,rithi.adm@gmail.com,ALTERNATE SERVICE,MONNAL T60,MONNAL T60|ALTERNATE SERVICE
06-Nov-2023,rithi.adm@gmail.com,CRISIS-ENGINEER UNABLE TO ATTEND,MONNAL T60,MONNAL T60|CRISIS-ENGINEER UNABLE TO ATTEND
06-Nov-2023,rithi.adm@gmail.com,CUSTOMER DECISION BUY BACK,MONNAL T60,MONNAL T60|CUSTOMER DECISION BUY BACK
06-Nov-2023,rithi.adm@gmail.com,Customer donated.,MONNAL T60,MONNAL T60|Customer donated.
06-Nov-2023,rithi.adm@gmail.com,CUSTOMER NOT APPROVED THE ESTIMATE,MONNAL T60,MONNAL T60|CUSTOMER NOT APPROVED THE ESTIMATE
06-Nov-2023,rithi.adm@gmail.com,Customer returned the equipment.,MONNAL T60,MONNAL T60|Customer returned the equipment.
06-Nov-2023,rithi.adm@gmail.com,Demo unit PM call generated,MONNAL T60,MONNAL T60|Demo unit PM call generated
06-Nov-2023,rithi.adm@gmail.com,For Training Purpose,MONNAL T60,MONNAL T60|For Training Purpose
06-Nov-2023,rithi.adm@gmail.com,"Machine Not Installed, Wrong PM call generated",MONNAL T60,"MONNAL T60|Machine Not Installed, Wrong PM call generated"
06-Nov-2023,rithi.adm@gmail.com,Order Cancelled,MONNAL T60,MONNAL T60|Order Cancelled
06-Nov-2023,rithi.adm@gmail.com,PM CALL GENERATED DEMO EQUIPMENT,MONNAL T60,MONNAL T60|PM CALL GENERATED DEMO EQUIPMENT
06-Nov-2023,rithi.adm@gmail.com,PM CALLS CANCELLED ON 18 Nov 2017,MONNAL T60,MONNAL T60|PM CALLS CANCELLED ON 18 Nov 2017
06-Nov-2023,rithi.adm@gmail.com,PM calls created dealer name,MONNAL T60,MONNAL T60|PM calls created dealer name
06-Nov-2023,rithi.adm@gmail.com,Product transfer purpose call created,MONNAL T60,MONNAL T60|Product transfer purpose call created
06-Nov-2023,rithi.adm@gmail.com,SCHEDULE CALL CREATED FROM DEALER NAME,MONNAL T60,MONNAL T60|SCHEDULE CALL CREATED FROM DEALER NAME
06-Nov-2023,rithi.adm@gmail.com,UNABLE TO REPORT IN WINMAX,MONNAL T60,MONNAL T60|UNABLE TO REPORT IN WINMAX
06-Nov-2023,rithi.adm@gmail.com,WRONG CALL REGISTRATION,MONNAL T60,MONNAL T60|WRONG CALL REGISTRATION
06-Nov-2023,rithi.adm@gmail.com,Wrong PM Calls created (Sale invoice cancelled),MONNAL T60,MONNAL T60|Wrong PM Calls created (Sale invoice cancelled)
06-Nov-2023,rithi.adm@gmail.com,WRONG PM CALLS CREATED (SOFTWARE ISSUE),MONNAL T60,MONNAL T60|WRONG PM CALLS CREATED (SOFTWARE ISSUE)
06-Nov-2023,rithi.adm@gmail.com,Wrong sl.no. entered,MONNAL T60,MONNAL T60|Wrong sl.no. entered
06-Nov-2023,rithi.adm@gmail.com,Wrong supply,MONNAL T60,MONNAL T60|Wrong supply
06-Nov-2023,rithi.adm@gmail.com,Wrong supply (Dealer),MONNAL T60,MONNAL T60|Wrong supply (Dealer)
06-Nov-2023,rithi.adm@gmail.com,Wrongly entered dealer name.,MONNAL T60,MONNAL T60|Wrongly entered dealer name.
06-Nov-2023,rithi.adm@gmail.com,Customer Denied,MONNAL T60,MONNAL T60|Customer Denied
06-Nov-2023,rithi.adm@gmail.com,Repeated Calls-Software Issue,MONNAL T60,MONNAL T60|Repeated Calls-Software Issue
06-Nov-2023,rithi.adm@gmail.com,INSTALLATION IS NOT COMPLETED,MONNAL T60,MONNAL T60|INSTALLATION IS NOT COMPLETED
06-Nov-2023,rithi.adm@gmail.com,PRODUCT TRANSFERRED TO DIFFERENT PARTY,MONNAL T60,MONNAL T60|PRODUCT TRANSFERRED TO DIFFERENT PARTY
06-Nov-2023,rithi.adm@gmail.com,ALTERNATE SERVICE,MONNAL T75,MONNAL T75|ALTERNATE SERVICE
06-Nov-2023,rithi.adm@gmail.com,CRISIS-ENGINEER UNABLE TO ATTEND,MONNAL T75,MONNAL T75|CRISIS-ENGINEER UNABLE TO ATTEND
06-Nov-2023,rithi.adm@gmail.com,CUSTOMER DECISION BUY BACK,MONNAL T75,MONNAL T75|CUSTOMER DECISION BUY BACK
06-Nov-2023,rithi.adm@gmail.com,Customer donated.,MONNAL T75,MONNAL T75|Customer donated.
06-Nov-2023,rithi.adm@gmail.com,CUSTOMER NOT APPROVED THE ESTIMATE,MONNAL T75,MONNAL T75|CUSTOMER NOT APPROVED THE ESTIMATE
06-Nov-2023,rithi.adm@gmail.com,Customer returned the equipment.,MONNAL T75,MONNAL T75|Customer returned the equipment.
06-Nov-2023,rithi.adm@gmail.com,Demo unit PM call generated,MONNAL T75,MONNAL T75|Demo unit PM call generated
06-Nov-2023,rithi.adm@gmail.com,For Training Purpose,MONNAL T75,MONNAL T75|For Training Purpose
06-Nov-2023,rithi.adm@gmail.com,"Machine Not Installed, Wrong PM call generated",MONNAL T75,"MONNAL T75|Machine Not Installed, Wrong PM call generated"
06-Nov-2023,rithi.adm@gmail.com,Order Cancelled,MONNAL T75,MONNAL T75|Order Cancelled
06-Nov-2023,rithi.adm@gmail.com,PM CALL GENERATED DEMO EQUIPMENT,MONNAL T75,MONNAL T75|PM CALL GENERATED DEMO EQUIPMENT
06-Nov-2023,rithi.adm@gmail.com,PM CALLS CANCELLED ON 18 Nov 2017,MONNAL T75,MONNAL T75|PM CALLS CANCELLED ON 18 Nov 2017
06-Nov-2023,rithi.adm@gmail.com,PM calls created dealer name,MONNAL T75,MONNAL T75|PM calls created dealer name
06-Nov-2023,rithi.adm@gmail.com,Product transfer purpose call created,MONNAL T75,MONNAL T75|Product transfer purpose call created
06-Nov-2023,rithi.adm@gmail.com,SCHEDULE CALL CREATED FROM DEALER NAME,MONNAL T75,MONNAL T75|SCHEDULE CALL CREATED FROM DEALER NAME
06-Nov-2023,rithi.adm@gmail.com,UNABLE TO REPORT IN WINMAX,MONNAL T75,MONNAL T75|UNABLE TO REPORT IN WINMAX
06-Nov-2023,rithi.adm@gmail.com,WRONG CALL REGISTRATION,MONNAL T75,MONNAL T75|WRONG CALL REGISTRATION
06-Nov-2023,rithi.adm@gmail.com,Wrong PM Calls created (Sale invoice cancelled),MONNAL T75,MONNAL T75|Wrong PM Calls created (Sale invoice cancelled)
06-Nov-2023,rithi.adm@gmail.com,WRONG PM CALLS CREATED (SOFTWARE ISSUE),MONNAL T75,MONNAL T75|WRONG PM CALLS CREATED (SOFTWARE ISSUE)
06-Nov-2023,rithi.adm@gmail.com,Wrong sl.no. entered,MONNAL T75,MONNAL T75|Wrong sl.no. entered
06-Nov-2023,rithi.adm@gmail.com,Wrong supply,MONNAL T75,MONNAL T75|Wrong supply
06-Nov-2023,rithi.adm@gmail.com,Wrong supply (Dealer),MONNAL T75,MONNAL T75|Wrong supply (Dealer)
06-Nov-2023,rithi.adm@gmail.com,Wrongly entered dealer name.,MONNAL T75,MONNAL T75|Wrongly entered dealer name.
06-Nov-2023,rithi.adm@gmail.com,Customer Denied,MONNAL T75,MONNAL T75|Customer Denied
06-Nov-2023,rithi.adm@gmail.com,Repeated Calls-Software Issue,MONNAL T75,MONNAL T75|Repeated Calls-Software Issue
06-Nov-2023,rithi.adm@gmail.com,INSTALLATION IS NOT COMPLETED,MONNAL T75,MONNAL T75|INSTALLATION IS NOT COMPLETED
06-Nov-2023,rithi.adm@gmail.com,PRODUCT TRANSFERRED TO DIFFERENT PARTY,MONNAL T75,MONNAL T75|PRODUCT TRANSFERRED TO DIFFERENT PARTY