Added ON,Added By,ROOT CAUSE KEY WORD,PRODUCT,KEY
31-Dec-2022,service.almsind2@gmail.com,Backlight strand,MONNAL T60,MONNAL T60|Backlight strand
31-Dec-2022,service.almsind2@gmail.com,Backup battery,MONNAL T60,MONNAL T60|Backup battery
31-Dec-2022,service.almsind2@gmail.com,Battery board rivet,MONNAL T60,MONNAL T60|Battery board rivet
31-Dec-2022,service.almsind2@gmail.com,Bolt lock,MONNAL T60,MONNAL T60|Bolt lock
31-Dec-2022,service.almsind2@gmail.com,Buzzer,MONNAL T60,MONNAL T60|Buzzer
31-Dec-2022,service.almsind2@gmail.com,Buzzer capacitor,MONNAL T60,MONNAL T60|Buzzer capacitor
31-Dec-2022,service.almsind2@gmail.com,Calibration,MONNAL T60,MONNAL T60|Calibration
31-Dec-2022,service.almsind2@gmail.com,Cell O2,MONNAL T60,MONNAL T60|Cell O2
31-Dec-2022,service.almsind2@gmail.com,Connexion board for wall mounted station,MONNAL T60,MONNAL T60|Connexion board for wall mounted station
31-Dec-2022,service.almsind2@gmail.com,Cooling fan,MONNAL T60,MONNAL T60|Cooling fan
31-Dec-2022,service.almsind2@gmail.com,DC input cable harness,MONNAL T60,MONNAL T60|DC input cable harness
31-Dec-2022,service.almsind2@gmail.com,Ejector stiffener,MONNAL T60,MONNAL T60|Ejector stiffener
31-Dec-2022,service.almsind2@gmail.com,ETCO2 probe,MONNAL T60,MONNAL T60|ETCO2 probe
31-Dec-2022,service.almsind2@gmail.com,ETCO2 probe adapter,MONNAL T60,MONNAL T60|ETCO2 probe adapter
31-Dec-2022,service.almsind2@gmail.com,Expiratory sensor cable harness,MONNAL T60,MONNAL T60|Expiratory sensor cable harness
31-Dec-2022,service.almsind2@gmail.com,Expiratory valve,MONNAL T60,MONNAL T60|Expiratory valve
31-Dec-2022,service.almsind2@gmail.com,Expiratory valve leap seal,MONNAL T60,MONNAL T60|Expiratory valve leap seal
31-Dec-2022,service.almsind2@gmail.com,Expiratory valve membrane,MONNAL T60,MONNAL T60|Expiratory valve membrane
31-Dec-2022,service.almsind2@gmail.com,External power supply,MONNAL T60,MONNAL T60|External power supply
31-Dec-2022,service.almsind2@gmail.com,External power supply connector,MONNAL T60,MONNAL T60|External power supply connector
31-Dec-2022,service.almsind2@gmail.com,Flow sensor : expiratory,MONNAL T60,MONNAL T60|Flow sensor : expiratory
31-Dec-2022,service.almsind2@gmail.com,Flow sensor : inspiratory,MONNAL T60,MONNAL T60|Flow sensor : inspiratory
31-Dec-2022,service.almsind2@gmail.com,Flow sensor : O2,MONNAL T60,MONNAL T60|Flow sensor : O2
31-Dec-2022,service.almsind2@gmail.com,HMI encoder,MONNAL T60,MONNAL T60|HMI encoder
31-Dec-2022,service.almsind2@gmail.com,Hot wire sensor contact,MONNAL T60,MONNAL T60|Hot wire sensor contact
31-Dec-2022,service.almsind2@gmail.com,Hypertac nut,MONNAL T60,MONNAL T60|Hypertac nut
31-Dec-2022,service.almsind2@gmail.com,Inspiratory block,MONNAL T60,MONNAL T60|Inspiratory block
31-Dec-2022,service.almsind2@gmail.com,Inspiratory flow sensor and O2 cell strand,MONNAL T60,MONNAL T60|Inspiratory flow sensor and O2 cell strand
31-Dec-2022,service.almsind2@gmail.com,Interconnexion board,MONNAL T60,MONNAL T60|Interconnexion board
31-Dec-2022,service.almsind2@gmail.com,Internal battery,MONNAL T60,MONNAL T60|Internal battery
31-Dec-2022,service.almsind2@gmail.com,Knob,MONNAL T60,MONNAL T60|Knob
31-Dec-2022,service.almsind2@gmail.com,Lock assembly,MONNAL T60,MONNAL T60|Lock assembly
31-Dec-2022,service.almsind2@gmail.com,Lower housing,MONNAL T60,MONNAL T60|Lower housing
31-Dec-2022,service.almsind2@gmail.com,MAP leap seal,MONNAL T60,MONNAL T60|MAP leap seal
31-Dec-2022,service.almsind2@gmail.com,Micro board,MONNAL T60,MONNAL T60|Micro board
31-Dec-2022,service.almsind2@gmail.com,Mounting,MONNAL T60,MONNAL T60|Mounting
31-Dec-2022,service.almsind2@gmail.com,O2 Emboufix,MONNAL T60,MONNAL T60|O2 Emboufix
31-Dec-2022,service.almsind2@gmail.com,O2 flow sensor strand,MONNAL T60,MONNAL T60|O2 flow sensor strand
31-Dec-2022,service.almsind2@gmail.com,O2 HP inlet,MONNAL T60,MONNAL T60|O2 HP inlet
31-Dec-2022,service.almsind2@gmail.com,O2 LP inlet,MONNAL T60,MONNAL T60|O2 LP inlet
31-Dec-2022,service.almsind2@gmail.com,O2 mixer,MONNAL T60,MONNAL T60|O2 mixer
31-Dec-2022,service.almsind2@gmail.com,Patient circuit,MONNAL T60,MONNAL T60|Patient circuit
31-Dec-2022,service.almsind2@gmail.com,Patient interface,MONNAL T60,MONNAL T60|Patient interface
31-Dec-2022,service.almsind2@gmail.com,Power supply board,MONNAL T60,MONNAL T60|Power supply board
31-Dec-2022,service.almsind2@gmail.com,Power supply board : 12V,MONNAL T60,MONNAL T60|Power supply board : 12V
31-Dec-2022,service.almsind2@gmail.com,Power supply board : 26V,MONNAL T60,MONNAL T60|Power supply board : 26V
31-Dec-2022,service.almsind2@gmail.com,Pressure sensor : atmospheric,MONNAL T60,MONNAL T60|Pressure sensor : atmospheric
31-Dec-2022,service.almsind2@gmail.com,Pressure sensor : O2,MONNAL T60,MONNAL T60|Pressure sensor : O2
31-Dec-2022,service.almsind2@gmail.com,Pressure sensor : patient,MONNAL T60,MONNAL T60|Pressure sensor : patient
31-Dec-2022,service.almsind2@gmail.com,Pressure sensors cable harness,MONNAL T60,MONNAL T60|Pressure sensors cable harness
31-Dec-2022,service.almsind2@gmail.com,Removable battery,MONNAL T60,MONNAL T60|Removable battery
31-Dec-2022,service.almsind2@gmail.com,RGB ribbon cable,MONNAL T60,MONNAL T60|RGB ribbon cable
31-Dec-2022,service.almsind2@gmail.com,Safety valve holder,MONNAL T60,MONNAL T60|Safety valve holder
31-Dec-2022,service.almsind2@gmail.com,Screen,MONNAL T60,MONNAL T60|Screen
31-Dec-2022,service.almsind2@gmail.com,Screws,MONNAL T60,MONNAL T60|Screws
31-Dec-2022,service.almsind2@gmail.com,Soft : batteries management,MONNAL T60,MONNAL T60|Soft : batteries management
31-Dec-2022,service.almsind2@gmail.com,Soft : monitoring,MONNAL T60,MONNAL T60|Soft : monitoring
31-Dec-2022,service.almsind2@gmail.com,Soft : options,MONNAL T60,MONNAL T60|Soft : options
31-Dec-2022,service.almsind2@gmail.com,Soft : power supply management,MONNAL T60,MONNAL T60|Soft : power supply management
31-Dec-2022,service.almsind2@gmail.com,Soft : ventilation,MONNAL T60,MONNAL T60|Soft : ventilation
31-Dec-2022,service.almsind2@gmail.com,Soft : version update,MONNAL T60,MONNAL T60|Soft : version update
31-Dec-2022,service.almsind2@gmail.com,Software,MONNAL T60,MONNAL T60|Software
31-Dec-2022,service.almsind2@gmail.com,Software bug,MONNAL T60,MONNAL T60|Software bug
31-Dec-2022,service.almsind2@gmail.com,Speaker,MONNAL T60,MONNAL T60|Speaker
31-Dec-2022,service.almsind2@gmail.com,Start cable harness,MONNAL T60,MONNAL T60|Start cable harness
31-Dec-2022,service.almsind2@gmail.com,SV : O2,MONNAL T60,MONNAL T60|SV : O2
31-Dec-2022,service.almsind2@gmail.com,SV : PEEP,MONNAL T60,MONNAL T60|SV : PEEP
31-Dec-2022,service.almsind2@gmail.com,SV : Safety,MONNAL T60,MONNAL T60|SV : Safety
31-Dec-2022,service.almsind2@gmail.com,SV O2 : assembly,MONNAL T60,MONNAL T60|SV O2 : assembly
31-Dec-2022,service.almsind2@gmail.com,Temperature cable harness,MONNAL T60,MONNAL T60|Temperature cable harness
31-Dec-2022,service.almsind2@gmail.com,Touch screen,MONNAL T60,MONNAL T60|Touch screen
31-Dec-2022,service.almsind2@gmail.com,Turbine,MONNAL T60,MONNAL T60|Turbine
31-Dec-2022,service.almsind2@gmail.com,Turbine : cable harness,MONNAL T60,MONNAL T60|Turbine : cable harness
31-Dec-2022,service.almsind2@gmail.com,Universal support,MONNAL T60,MONNAL T60|Universal support
31-Dec-2022,service.almsind2@gmail.com,Upper housing,MONNAL T60,MONNAL T60|Upper housing
31-Dec-2022,service.almsind2@gmail.com,User,MONNAL T60,MONNAL T60|User
31-Dec-2022,service.almsind2@gmail.com,Valve : O2 LP,MONNAL T60,MONNAL T60|Valve : O2 LP
31-Dec-2022,service.almsind2@gmail.com,Valve : patient safety,MONNAL T60,MONNAL T60|Valve : patient safety
31-Dec-2022,service.almsind2@gmail.com,Wall mounted station,MONNAL T60,MONNAL T60|Wall mounted station
31-Dec-2022,service.almsind2@gmail.com,Ambiant air filter,MONNAL T75,MONNAL T75|Ambiant air filter
31-Dec-2022,service.almsind2@gmail.com,Articulated Arm,MONNAL T75,MONNAL T75|Articulated Arm
31-Dec-2022,service.almsind2@gmail.com,Assembly,MONNAL T75,MONNAL T75|Assembly
31-Dec-2022,service.almsind2@gmail.com,Automatic tests,MONNAL T75,MONNAL T75|Automatic tests
31-Dec-2022,service.almsind2@gmail.com,Battery,MONNAL T75,MONNAL T75|Battery
31-Dec-2022,service.almsind2@gmail.com,Blower,MONNAL T75,MONNAL T75|Blower
31-Dec-2022,service.almsind2@gmail.com,Blower flow sensor,MONNAL T75,MONNAL T75|Blower flow sensor
31-Dec-2022,service.almsind2@gmail.com,Bronze filter,MONNAL T75,MONNAL T75|Bronze filter
31-Dec-2022,service.almsind2@gmail.com,Buzzer,MONNAL T75,MONNAL T75|Buzzer
31-Dec-2022,service.almsind2@gmail.com,Calibration,MONNAL T75,MONNAL T75|Calibration
31-Dec-2022,service.almsind2@gmail.com,Central bloc,MONNAL T75,MONNAL T75|Central bloc
31-Dec-2022,service.almsind2@gmail.com,Connection,MONNAL T75,MONNAL T75|Connection
31-Dec-2022,service.almsind2@gmail.com,Cooling fan,MONNAL T75,MONNAL T75|Cooling fan
31-Dec-2022,service.almsind2@gmail.com,Cover,MONNAL T75,MONNAL T75|Cover
31-Dec-2022,service.almsind2@gmail.com,Draining solenoid valve,MONNAL T75,MONNAL T75|Draining solenoid valve
31-Dec-2022,service.almsind2@gmail.com,Emboufix O2,MONNAL T75,MONNAL T75|Emboufix O2
31-Dec-2022,service.almsind2@gmail.com,Expiratory valve,MONNAL T75,MONNAL T75|Expiratory valve
31-Dec-2022,service.almsind2@gmail.com,Expiratory flow sensor,MONNAL T75,MONNAL T75|Expiratory flow sensor
31-Dec-2022,service.almsind2@gmail.com,Expiratory gold contact,MONNAL T75,MONNAL T75|Expiratory gold contact
31-Dec-2022,service.almsind2@gmail.com,Expiratory membrane,MONNAL T75,MONNAL T75|Expiratory membrane
31-Dec-2022,service.almsind2@gmail.com,Expiratory O-Ring,MONNAL T75,MONNAL T75|Expiratory O-Ring
31-Dec-2022,service.almsind2@gmail.com,Expiratory proportionnal solenoid valve,MONNAL T75,MONNAL T75|Expiratory proportionnal solenoid valve
31-Dec-2022,service.almsind2@gmail.com,External power connector,MONNAL T75,MONNAL T75|External power connector
31-Dec-2022,service.almsind2@gmail.com,Failure assembly,MONNAL T75,MONNAL T75|Failure assembly
31-Dec-2022,service.almsind2@gmail.com,Filter card,MONNAL T75,MONNAL T75|Filter card
31-Dec-2022,service.almsind2@gmail.com,Filtrabloc,MONNAL T75,MONNAL T75|Filtrabloc
31-Dec-2022,service.almsind2@gmail.com,FiO2 cell,MONNAL T75,MONNAL T75|FiO2 cell
31-Dec-2022,service.almsind2@gmail.com,FiO2 hatich assembly,MONNAL T75,MONNAL T75|FiO2 hatich assembly
31-Dec-2022,service.almsind2@gmail.com,Flow calibration,MONNAL T75,MONNAL T75|Flow calibration
31-Dec-2022,service.almsind2@gmail.com,Flow outside tolerance,MONNAL T75,MONNAL T75|Flow outside tolerance
31-Dec-2022,service.almsind2@gmail.com,Flow sensor,MONNAL T75,MONNAL T75|Flow sensor
31-Dec-2022,service.almsind2@gmail.com,Frame,MONNAL T75,MONNAL T75|Frame
31-Dec-2022,service.almsind2@gmail.com,Fuse,MONNAL T75,MONNAL T75|Fuse
31-Dec-2022,service.almsind2@gmail.com,Global Check,MONNAL T75,MONNAL T75|Global Check
31-Dec-2022,service.almsind2@gmail.com,HEPA Filter,MONNAL T75,MONNAL T75|HEPA Filter
31-Dec-2022,service.almsind2@gmail.com,Hidden,MONNAL T75,MONNAL T75|Hidden
31-Dec-2022,service.almsind2@gmail.com,HP O2 connection,MONNAL T75,MONNAL T75|HP O2 connection
31-Dec-2022,service.almsind2@gmail.com,Inlet/Outlet foam filter,MONNAL T75,MONNAL T75|Inlet/Outlet foam filter
31-Dec-2022,service.almsind2@gmail.com,Inspiratory bloc,MONNAL T75,MONNAL T75|Inspiratory bloc
31-Dec-2022,service.almsind2@gmail.com,Inspiratory flow sensor,MONNAL T75,MONNAL T75|Inspiratory flow sensor
31-Dec-2022,service.almsind2@gmail.com,Inspiratory proportionnal solenoid valve,MONNAL T75,MONNAL T75|Inspiratory proportionnal solenoid valve
31-Dec-2022,service.almsind2@gmail.com,LCD Screen,MONNAL T75,MONNAL T75|LCD Screen
31-Dec-2022,service.almsind2@gmail.com,Leaks,MONNAL T75,MONNAL T75|Leaks
31-Dec-2022,service.almsind2@gmail.com,Lithium battery (backup),MONNAL T75,MONNAL T75|Lithium battery (backup)
31-Dec-2022,service.almsind2@gmail.com,Lockbolt,MONNAL T75,MONNAL T75|Lockbolt
31-Dec-2022,service.almsind2@gmail.com,Loud speaker,MONNAL T75,MONNAL T75|Loud speaker
31-Dec-2022,service.almsind2@gmail.com,LP O2 connection,MONNAL T75,MONNAL T75|LP O2 connection
31-Dec-2022,service.almsind2@gmail.com,Microprocessor board,MONNAL T75,MONNAL T75|Microprocessor board
31-Dec-2022,service.almsind2@gmail.com,Mixer bloc,MONNAL T75,MONNAL T75|Mixer bloc
31-Dec-2022,service.almsind2@gmail.com,MMI board,MONNAL T75,MONNAL T75|MMI board
31-Dec-2022,service.almsind2@gmail.com,MMI cover,MONNAL T75,MONNAL T75|MMI cover
31-Dec-2022,service.almsind2@gmail.com,MMI encoder,MONNAL T75,MONNAL T75|MMI encoder
31-Dec-2022,service.almsind2@gmail.com,Monna T75 Dial,MONNAL T75,MONNAL T75|Monna T75 Dial
31-Dec-2022,service.almsind2@gmail.com,Nébulization pressur reducer,MONNAL T75,MONNAL T75|Nébulization pressur reducer
31-Dec-2022,service.almsind2@gmail.com,Nebulization solenoid valve,MONNAL T75,MONNAL T75|Nebulization solenoid valve
31-Dec-2022,service.almsind2@gmail.com,No failure found,MONNAL T75,MONNAL T75|No failure found
31-Dec-2022,service.almsind2@gmail.com,Non return valve,MONNAL T75,MONNAL T75|Non return valve
31-Dec-2022,service.almsind2@gmail.com,O2 bloc,MONNAL T75,MONNAL T75|O2 bloc
31-Dec-2022,service.almsind2@gmail.com,O2 pressure sensor,MONNAL T75,MONNAL T75|O2 pressure sensor
31-Dec-2022,service.almsind2@gmail.com,O2 solenoid valve,MONNAL T75,MONNAL T75|O2 solenoid valve
31-Dec-2022,service.almsind2@gmail.com,O2 valve,MONNAL T75,MONNAL T75|O2 valve
31-Dec-2022,service.almsind2@gmail.com,On/OFF bouton,MONNAL T75,MONNAL T75|On/OFF bouton
31-Dec-2022,service.almsind2@gmail.com,Other,MONNAL T75,MONNAL T75|Other
31-Dec-2022,service.almsind2@gmail.com,Oxygene flow sensor,MONNAL T75,MONNAL T75|Oxygene flow sensor
31-Dec-2022,service.almsind2@gmail.com,Patient circuit,MONNAL T75,MONNAL T75|Patient circuit
31-Dec-2022,service.almsind2@gmail.com,Patient interface,MONNAL T75,MONNAL T75|Patient interface
31-Dec-2022,service.almsind2@gmail.com,Patient interface cover,MONNAL T75,MONNAL T75|Patient interface cover
31-Dec-2022,service.almsind2@gmail.com,Patient pressure sensor,MONNAL T75,MONNAL T75|Patient pressure sensor
31-Dec-2022,service.almsind2@gmail.com,Solenoid valve of PEEP,MONNAL T75,MONNAL T75|Solenoid valve of PEEP
31-Dec-2022,service.almsind2@gmail.com,Power supply board,MONNAL T75,MONNAL T75|Power supply board
31-Dec-2022,service.almsind2@gmail.com,Power supply board cooling fan,MONNAL T75,MONNAL T75|Power supply board cooling fan
31-Dec-2022,service.almsind2@gmail.com,Pressure calibration,MONNAL T75,MONNAL T75|Pressure calibration
31-Dec-2022,service.almsind2@gmail.com,Pressure sensor,MONNAL T75,MONNAL T75|Pressure sensor
31-Dec-2022,service.almsind2@gmail.com,Rear cover,MONNAL T75,MONNAL T75|Rear cover
31-Dec-2022,service.almsind2@gmail.com,Safety patient valve,MONNAL T75,MONNAL T75|Safety patient valve
31-Dec-2022,service.almsind2@gmail.com,Safety solenoid valve,MONNAL T75,MONNAL T75|Safety solenoid valve
31-Dec-2022,service.almsind2@gmail.com,Shavings,MONNAL T75,MONNAL T75|Shavings
31-Dec-2022,service.almsind2@gmail.com,Silent filter,MONNAL T75,MONNAL T75|Silent filter
31-Dec-2022,service.almsind2@gmail.com,Software,MONNAL T75,MONNAL T75|Software
31-Dec-2022,service.almsind2@gmail.com,Software,MONNAL T75,MONNAL T75|Software
31-Dec-2022,service.almsind2@gmail.com,Software : curves,MONNAL T75,MONNAL T75|Software : curves
31-Dec-2022,service.almsind2@gmail.com,Software : installation,MONNAL T75,MONNAL T75|Software : installation
31-Dec-2022,service.almsind2@gmail.com,Software : power supply,MONNAL T75,MONNAL T75|Software : power supply
31-Dec-2022,service.almsind2@gmail.com,Software : upgrade,MONNAL T75,MONNAL T75|Software : upgrade
31-Dec-2022,service.almsind2@gmail.com,Software : ventilation,MONNAL T75,MONNAL T75|Software : ventilation
31-Dec-2022,service.almsind2@gmail.com,Solenoid valve unit,MONNAL T75,MONNAL T75|Solenoid valve unit
31-Dec-2022,service.almsind2@gmail.com,SpO2 sensor,MONNAL T75,MONNAL T75|SpO2 sensor
31-Dec-2022,service.almsind2@gmail.com,Strip lock block T75,MONNAL T75,MONNAL T75|Strip lock block T75
31-Dec-2022,service.almsind2@gmail.com,Temperature probe,MONNAL T75,MONNAL T75|Temperature probe
31-Dec-2022,service.almsind2@gmail.com,To define,MONNAL T75,MONNAL T75|To define
31-Dec-2022,service.almsind2@gmail.com,Touchescreen backlight,MONNAL T75,MONNAL T75|Touchescreen backlight
31-Dec-2022,service.almsind2@gmail.com,Touchscreen,MONNAL T75,MONNAL T75|Touchscreen
31-Dec-2022,service.almsind2@gmail.com,Undetermined,MONNAL T75,MONNAL T75|Undetermined
31-Dec-2022,service.almsind2@gmail.com,Uprgade failure,MONNAL T75,MONNAL T75|Uprgade failure
31-Dec-2022,service.almsind2@gmail.com,User,MONNAL T75,MONNAL T75|User
31-Dec-2022,service.almsind2@gmail.com,Utilisation,MONNAL T75,MONNAL T75|Utilisation
31-Dec-2022,service.almsind2@gmail.com,Water penetration,MONNAL T75,MONNAL T75|Water penetration
31-Dec-2022,service.almsind2@gmail.com,0.3 RESTRICTOR,COMM,COMM|0.3 RESTRICTOR
31-Dec-2022,service.almsind2@gmail.com,0.5 BAR REGULATOR,COMM,COMM|0.5 BAR REGULATOR
31-Dec-2022,service.almsind2@gmail.com,1.5 BAR PRESSURE REGULATOR,COMM,COMM|1.5 BAR PRESSURE REGULATOR
31-Dec-2022,service.almsind2@gmail.com,10.4 INCH DISPLAY,COMM,COMM|10.4 INCH DISPLAY
31-Dec-2022,service.almsind2@gmail.com,1GB COMPACT FLASH CARD,COMM,COMM|1GB COMPACT FLASH CARD
31-Dec-2022,service.almsind2@gmail.com,20 PIN FRC CABLE,COMM,COMM|20 PIN FRC CABLE
31-Dec-2022,service.almsind2@gmail.com,4 WAY CONNECTOR,COMM,COMM|4 WAY CONNECTOR
31-Dec-2022,service.almsind2@gmail.com,40 PIN FRC CABLE,COMM,COMM|40 PIN FRC CABLE
31-Dec-2022,service.almsind2@gmail.com,5 MICRON FILTER,COMM,COMM|5 MICRON FILTER
31-Dec-2022,service.almsind2@gmail.com,6-PIN CONNECTOR,COMM,COMM|6-PIN CONNECTOR
31-Dec-2022,service.almsind2@gmail.com,7 BAR SAFETY VALVE,COMM,COMM|7 BAR SAFETY VALVE
31-Dec-2022,service.almsind2@gmail.com,8 MM OD,COMM,COMM|8 MM OD
31-Dec-2022,service.almsind2@gmail.com,AC POWER INDICATOR LEAD,COMM,COMM|AC POWER INDICATOR LEAD
31-Dec-2022,service.almsind2@gmail.com,ACCESSORIES ISSUE,COMM,COMM|ACCESSORIES ISSUE
31-Dec-2022,service.almsind2@gmail.com,AIR & O2 INLET FILTER,COMM,COMM|AIR & O2 INLET FILTER
31-Dec-2022,service.almsind2@gmail.com,AIR & O2 REGULATOR ASSEMBLY,COMM,COMM|AIR & O2 REGULATOR ASSEMBLY
31-Dec-2022,service.almsind2@gmail.com,AIR FILTER BLOCK,COMM,COMM|AIR FILTER BLOCK
31-Dec-2022,service.almsind2@gmail.com,AIR HOSE TUBE,COMM,COMM|AIR HOSE TUBE
31-Dec-2022,service.almsind2@gmail.com,AIR INLET BODY,COMM,COMM|AIR INLET BODY
31-Dec-2022,service.almsind2@gmail.com,AMBIANT AIR FILTER,COMM,COMM|AMBIANT AIR FILTER
31-Dec-2022,service.almsind2@gmail.com,AMBIENT AIR INTAKE ASSEMBLY,COMM,COMM|AMBIENT AIR INTAKE ASSEMBLY
31-Dec-2022,service.almsind2@gmail.com,ARM SET,COMM,COMM|ARM SET
31-Dec-2022,service.almsind2@gmail.com,ARTICULATED ARM,COMM,COMM|ARTICULATED ARM
31-Dec-2022,service.almsind2@gmail.com,ASU RELIEF VALVE,COMM,COMM|ASU RELIEF VALVE
31-Dec-2022,service.almsind2@gmail.com,ATMOSPHERIC PRESSURE SENSOR,COMM,COMM|ATMOSPHERIC PRESSURE SENSOR
31-Dec-2022,service.almsind2@gmail.com,AUTO DRAIN ASSEMBLY,COMM,COMM|AUTO DRAIN ASSEMBLY
31-Dec-2022,service.almsind2@gmail.com,AUTOMATIC TESTS,COMM,COMM|AUTOMATIC TESTS
31-Dec-2022,service.almsind2@gmail.com,BACK COVER,COMM,COMM|BACK COVER
31-Dec-2022,service.almsind2@gmail.com,BACKLIGHT STRAND,COMM,COMM|BACKLIGHT STRAND
31-Dec-2022,service.almsind2@gmail.com,BACKUP BATTERY,COMM,COMM|BACKUP BATTERY
31-Dec-2022,service.almsind2@gmail.com,BATTERY,COMM,COMM|BATTERY
31-Dec-2022,service.almsind2@gmail.com,BATTERY - 12V,COMM,COMM|BATTERY - 12V
31-Dec-2022,service.almsind2@gmail.com,BATTERY - 3.6V,COMM,COMM|BATTERY - 3.6V
31-Dec-2022,service.almsind2@gmail.com,BATTERY - 9.6V,COMM,COMM|BATTERY - 9.6V
31-Dec-2022,service.almsind2@gmail.com,BATTERY BOARD,COMM,COMM|BATTERY BOARD
31-Dec-2022,service.almsind2@gmail.com,BATTERY CABLE,COMM,COMM|BATTERY CABLE
31-Dec-2022,service.almsind2@gmail.com,BATTERY CONNECTOR LOOSE CONTACT,COMM,COMM|BATTERY CONNECTOR LOOSE CONTACT
31-Dec-2022,service.almsind2@gmail.com,BATTERY TEST,COMM,COMM|BATTERY TEST
31-Dec-2022,service.almsind2@gmail.com,BELLOW WITH JAR,COMM,COMM|BELLOW WITH JAR
31-Dec-2022,service.almsind2@gmail.com,BLOCK (OTHER),COMM,COMM|BLOCK (OTHER)
31-Dec-2022,service.almsind2@gmail.com,BLOWER,COMM,COMM|BLOWER
31-Dec-2022,service.almsind2@gmail.com,BLOWER BOARD,COMM,COMM|BLOWER BOARD
31-Dec-2022,service.almsind2@gmail.com,BLOWER FLOW SENSOR,COMM,COMM|BLOWER FLOW SENSOR
31-Dec-2022,service.almsind2@gmail.com,BLOWER TEMPERATURE PROBE,COMM,COMM|BLOWER TEMPERATURE PROBE
31-Dec-2022,service.almsind2@gmail.com,BLOWER VALVE,COMM,COMM|BLOWER VALVE
31-Dec-2022,service.almsind2@gmail.com,BOLT LOCK,COMM,COMM|BOLT LOCK
31-Dec-2022,service.almsind2@gmail.com,BRACKET,COMM,COMM|BRACKET
31-Dec-2022,service.almsind2@gmail.com,BRIDGE SOLENOID VALVE,COMM,COMM|BRIDGE SOLENOID VALVE
31-Dec-2022,service.almsind2@gmail.com,BUZZER,COMM,COMM|BUZZER
31-Dec-2022,service.almsind2@gmail.com,CABINET,COMM,COMM|CABINET
31-Dec-2022,service.almsind2@gmail.com,CABLE KIT,COMM,COMM|CABLE KIT
31-Dec-2022,service.almsind2@gmail.com,CALIBRATION,COMM,COMM|CALIBRATION
31-Dec-2022,service.almsind2@gmail.com,CAPACITOR,COMM,COMM|CAPACITOR
31-Dec-2022,service.almsind2@gmail.com,CAPACITY TANK,COMM,COMM|CAPACITY TANK
31-Dec-2022,service.almsind2@gmail.com,CARRY BAG,COMM,COMM|CARRY BAG
31-Dec-2022,service.almsind2@gmail.com,CELL O2,COMM,COMM|CELL O2
31-Dec-2022,service.almsind2@gmail.com,CENTRAL BLOCK,COMM,COMM|CENTRAL BLOCK
31-Dec-2022,service.almsind2@gmail.com,CF BOARD,COMM,COMM|CF BOARD
31-Dec-2022,service.almsind2@gmail.com,CHECK VALVE,COMM,COMM|CHECK VALVE
31-Dec-2022,service.almsind2@gmail.com,CO2 PROBE,COMM,COMM|CO2 PROBE
31-Dec-2022,service.almsind2@gmail.com,COMPRESSOR,COMM,COMM|COMPRESSOR
31-Dec-2022,service.almsind2@gmail.com,COMPRESSOR CAPACITOR,COMM,COMM|COMPRESSOR CAPACITOR
31-Dec-2022,service.almsind2@gmail.com,COMPRESSOR SPRING,COMM,COMM|COMPRESSOR SPRING
31-Dec-2022,service.almsind2@gmail.com,CONNECTION,COMM,COMM|CONNECTION
31-Dec-2022,service.almsind2@gmail.com,CONNECTOR,COMM,COMM|CONNECTOR
31-Dec-2022,service.almsind2@gmail.com,CONNEXION BOARD FOR WALL MOUNTED STATION,COMM,COMM|CONNEXION BOARD FOR WALL MOUNTED STATION
31-Dec-2022,service.almsind2@gmail.com,CONSOLE BOARD,COMM,COMM|CONSOLE BOARD
31-Dec-2022,service.almsind2@gmail.com,CONTACT ISSUE,COMM,COMM|CONTACT ISSUE
31-Dec-2022,service.almsind2@gmail.com,CONTROL BOARD,COMM,COMM|CONTROL BOARD
31-Dec-2022,service.almsind2@gmail.com,COOLING FAN,COMM,COMM|COOLING FAN
31-Dec-2022,service.almsind2@gmail.com,COOLING FAN (POWER SUPPLY),COMM,COMM|COOLING FAN (POWER SUPPLY)
31-Dec-2022,service.almsind2@gmail.com,COVER,COMM,COMM|COVER
31-Dec-2022,service.almsind2@gmail.com,CUSTOMER,COMM,COMM|CUSTOMER
31-Dec-2022,service.almsind2@gmail.com,DAUGHTER BOARD,COMM,COMM|DAUGHTER BOARD
31-Dec-2022,service.almsind2@gmail.com,DC INPUT CABLE HARNESS,COMM,COMM|DC INPUT CABLE HARNESS
31-Dec-2022,service.almsind2@gmail.com,DELTRIN PART,COMM,COMM|DELTRIN PART
31-Dec-2022,service.almsind2@gmail.com,DISINFECTION,COMM,COMM|DISINFECTION
31-Dec-2022,service.almsind2@gmail.com,DISPLAY BOARD,COMM,COMM|DISPLAY BOARD
31-Dec-2022,service.almsind2@gmail.com,DISPLAY CABLE,COMM,COMM|DISPLAY CABLE
31-Dec-2022,service.almsind2@gmail.com,DISPLAY CALIBRATION,COMM,COMM|DISPLAY CALIBRATION
31-Dec-2022,service.almsind2@gmail.com,DISPLAY CONNECTOR,COMM,COMM|DISPLAY CONNECTOR
31-Dec-2022,service.almsind2@gmail.com,DOCK,COMM,COMM|DOCK
31-Dec-2022,service.almsind2@gmail.com,DP SENSOR,COMM,COMM|DP SENSOR
31-Dec-2022,service.almsind2@gmail.com,DRAINING SOLENOID VALVE,COMM,COMM|DRAINING SOLENOID VALVE
31-Dec-2022,service.almsind2@gmail.com,DUST FILTER,COMM,COMM|DUST FILTER
31-Dec-2022,service.almsind2@gmail.com,EEPROM,COMM,COMM|EEPROM
31-Dec-2022,service.almsind2@gmail.com,EJECTOR STIFFENER,COMM,COMM|EJECTOR STIFFENER
31-Dec-2022,service.almsind2@gmail.com,ELECROVALVE (SECURITY),COMM,COMM|ELECROVALVE (SECURITY)
31-Dec-2022,service.almsind2@gmail.com,ELECTRICAL NETWORK,COMM,COMM|ELECTRICAL NETWORK
31-Dec-2022,service.almsind2@gmail.com,ELECTROVALVE (NEBULIZER),COMM,COMM|ELECTROVALVE (NEBULIZER)
31-Dec-2022,service.almsind2@gmail.com,ELECTROVALVE (OTHER),COMM,COMM|ELECTROVALVE (OTHER)
31-Dec-2022,service.almsind2@gmail.com,ELECTROVALVE OXYGENE,COMM,COMM|ELECTROVALVE OXYGENE
31-Dec-2022,service.almsind2@gmail.com,ELECTROVALVE PEEP,COMM,COMM|ELECTROVALVE PEEP
31-Dec-2022,service.almsind2@gmail.com,ELECTROVALVES BLOC,COMM,COMM|ELECTROVALVES BLOC
31-Dec-2022,service.almsind2@gmail.com,ELECTROVAVE (PURGE),COMM,COMM|ELECTROVAVE (PURGE)
31-Dec-2022,service.almsind2@gmail.com,EMBOUFIX O2,COMM,COMM|EMBOUFIX O2
31-Dec-2022,service.almsind2@gmail.com,EMI FILTER,COMM,COMM|EMI FILTER
31-Dec-2022,service.almsind2@gmail.com,ENCODER KNOB,COMM,COMM|ENCODER KNOB
31-Dec-2022,service.almsind2@gmail.com,ENCODER WHEEL,COMM,COMM|ENCODER WHEEL
31-Dec-2022,service.almsind2@gmail.com,ENCODER WITH CABLE,COMM,COMM|ENCODER WITH CABLE
31-Dec-2022,service.almsind2@gmail.com,EQUALIZER,COMM,COMM|EQUALIZER
31-Dec-2022,service.almsind2@gmail.com,ETCO2 BOARD,COMM,COMM|ETCO2 BOARD
31-Dec-2022,service.almsind2@gmail.com,ETCO2 PROBE,COMM,COMM|ETCO2 PROBE
31-Dec-2022,service.almsind2@gmail.com,ETCO2 PROBE ADAPTER,COMM,COMM|ETCO2 PROBE ADAPTER
31-Dec-2022,service.almsind2@gmail.com,EXPIRATORY BLOCK ASSEMBLY,COMM,COMM|EXPIRATORY BLOCK ASSEMBLY
31-Dec-2022,service.almsind2@gmail.com,EXPIRATORY FLOW SENSOR,COMM,COMM|EXPIRATORY FLOW SENSOR
31-Dec-2022,service.almsind2@gmail.com,EXPIRATORY FLOW SENSOR CABLE,COMM,COMM|EXPIRATORY FLOW SENSOR CABLE
31-Dec-2022,service.almsind2@gmail.com,EXPIRATORY FLOW SENSOR CONTACT,COMM,COMM|EXPIRATORY FLOW SENSOR CONTACT
31-Dec-2022,service.almsind2@gmail.com,EXPIRATORY GOLD CONTACT,COMM,COMM|EXPIRATORY GOLD CONTACT
31-Dec-2022,service.almsind2@gmail.com,EXPIRATORY MEMBRANE,COMM,COMM|EXPIRATORY MEMBRANE
31-Dec-2022,service.almsind2@gmail.com,EXPIRATORY NON-RETURN VALVE,COMM,COMM|EXPIRATORY NON-RETURN VALVE
31-Dec-2022,service.almsind2@gmail.com,EXPIRATORY O-RING,COMM,COMM|EXPIRATORY O-RING
31-Dec-2022,service.almsind2@gmail.com,EXPIRATORY PROPORTIONAL VALVE,COMM,COMM|EXPIRATORY PROPORTIONAL VALVE
31-Dec-2022,service.almsind2@gmail.com,EXPIRATORY PROPORTIONNAL SOLENOID VALVE,COMM,COMM|EXPIRATORY PROPORTIONNAL SOLENOID VALVE
31-Dec-2022,service.almsind2@gmail.com,EXPIRATORY SENSOR CABLE HARNESS,COMM,COMM|EXPIRATORY SENSOR CABLE HARNESS
31-Dec-2022,service.almsind2@gmail.com,EXPIRATORY VALVE,COMM,COMM|EXPIRATORY VALVE
31-Dec-2022,service.almsind2@gmail.com,EXPIRATORY VALVE DIAPHRAGM,COMM,COMM|EXPIRATORY VALVE DIAPHRAGM
31-Dec-2022,service.almsind2@gmail.com,EXPIRATORY VALVE LEAP SEAL,COMM,COMM|EXPIRATORY VALVE LEAP SEAL
31-Dec-2022,service.almsind2@gmail.com,EXPIRATORY VALVE LOCKING PIN,COMM,COMM|EXPIRATORY VALVE LOCKING PIN
31-Dec-2022,service.almsind2@gmail.com,EXPIRATORY VALVE MEMBRANE,COMM,COMM|EXPIRATORY VALVE MEMBRANE
31-Dec-2022,service.almsind2@gmail.com,EXTEND POWER SUPPLY BOARD,COMM,COMM|EXTEND POWER SUPPLY BOARD
31-Dec-2022,service.almsind2@gmail.com,EXTERNAL BATTERY,COMM,COMM|EXTERNAL BATTERY
31-Dec-2022,service.almsind2@gmail.com,EXTERNAL POWER CONNECTOR,COMM,COMM|EXTERNAL POWER CONNECTOR
31-Dec-2022,service.almsind2@gmail.com,EXTERNAL POWER SUPPLY,COMM,COMM|EXTERNAL POWER SUPPLY
31-Dec-2022,service.almsind2@gmail.com,EXTERNAL POWER SUPPLY CONNECTOR,COMM,COMM|EXTERNAL POWER SUPPLY CONNECTOR
31-Dec-2022,service.almsind2@gmail.com,FILTER BOARD,COMM,COMM|FILTER BOARD
31-Dec-2022,service.almsind2@gmail.com,FILTER BOARD RIBBON,COMM,COMM|FILTER BOARD RIBBON
31-Dec-2022,service.almsind2@gmail.com,FILTER CARD,COMM,COMM|FILTER CARD
31-Dec-2022,service.almsind2@gmail.com,FILTER CLOTH,COMM,COMM|FILTER CLOTH
31-Dec-2022,service.almsind2@gmail.com,FIO2 CABLE,COMM,COMM|FIO2 CABLE
31-Dec-2022,service.almsind2@gmail.com,FIO2 CELL,COMM,COMM|FIO2 CELL
31-Dec-2022,service.almsind2@gmail.com,FIO2 FLAP,COMM,COMM|FIO2 FLAP
31-Dec-2022,service.almsind2@gmail.com,FIO2 HATICH ASSEMBLY,COMM,COMM|FIO2 HATICH ASSEMBLY
31-Dec-2022,service.almsind2@gmail.com,FIO2 TRAP,COMM,COMM|FIO2 TRAP
31-Dec-2022,service.almsind2@gmail.com,FLAT PROPORTIONAL VALVE,COMM,COMM|FLAT PROPORTIONAL VALVE
31-Dec-2022,service.almsind2@gmail.com,FLOW CALIBRATION,COMM,COMM|FLOW CALIBRATION
31-Dec-2022,service.almsind2@gmail.com,FLOW CONTROL VALVE,COMM,COMM|FLOW CONTROL VALVE
31-Dec-2022,service.almsind2@gmail.com,FLOW OUTSIDE TOLERANCE,COMM,COMM|FLOW OUTSIDE TOLERANCE
31-Dec-2022,service.almsind2@gmail.com,FLOW SENSOR,COMM,COMM|FLOW SENSOR
31-Dec-2022,service.almsind2@gmail.com,FLOW SENSOR : EXPIRATORY,COMM,COMM|FLOW SENSOR : EXPIRATORY
31-Dec-2022,service.almsind2@gmail.com,FLOW SENSOR : INSPIRATORY,COMM,COMM|FLOW SENSOR : INSPIRATORY
31-Dec-2022,service.almsind2@gmail.com,FLOW SENSOR : O2,COMM,COMM|FLOW SENSOR : O2
31-Dec-2022,service.almsind2@gmail.com,FOAM DENSITY,COMM,COMM|FOAM DENSITY
31-Dec-2022,service.almsind2@gmail.com,FOOT,COMM,COMM|FOOT
31-Dec-2022,service.almsind2@gmail.com,FRAME,COMM,COMM|FRAME
31-Dec-2022,service.almsind2@gmail.com,FRC CABLE,COMM,COMM|FRC CABLE
31-Dec-2022,service.almsind2@gmail.com,FRC CABLE LOOSE CONTACT,COMM,COMM|FRC CABLE LOOSE CONTACT
31-Dec-2022,service.almsind2@gmail.com,FRONT COVER,COMM,COMM|FRONT COVER
31-Dec-2022,service.almsind2@gmail.com,FUSE,COMM,COMM|FUSE
31-Dec-2022,service.almsind2@gmail.com,GAS TEMPERATURE PROBE,COMM,COMM|GAS TEMPERATURE PROBE
31-Dec-2022,service.almsind2@gmail.com,GAZ INLET HP,COMM,COMM|GAZ INLET HP
31-Dec-2022,service.almsind2@gmail.com,GAZ INLET LP,COMM,COMM|GAZ INLET LP
31-Dec-2022,service.almsind2@gmail.com,GLOBAL CHECK,COMM,COMM|GLOBAL CHECK
31-Dec-2022,service.almsind2@gmail.com,GOLD CONTACT KIT,COMM,COMM|GOLD CONTACT KIT
31-Dec-2022,service.almsind2@gmail.com,HEATER BLOCK ASSEMBLY,COMM,COMM|HEATER BLOCK ASSEMBLY
31-Dec-2022,service.almsind2@gmail.com,HEPA FILTER,COMM,COMM|HEPA FILTER
31-Dec-2022,service.almsind2@gmail.com,HIDDEN,COMM,COMM|HIDDEN
31-Dec-2022,service.almsind2@gmail.com,HIGH PRESSURE,COMM,COMM|HIGH PRESSURE
31-Dec-2022,service.almsind2@gmail.com,HOLDER FOR EXP. VALVE,COMM,COMM|HOLDER FOR EXP. VALVE
31-Dec-2022,service.almsind2@gmail.com,HOT WIRE SENSOR CONTACT,COMM,COMM|HOT WIRE SENSOR CONTACT
31-Dec-2022,service.almsind2@gmail.com,HP O2 CONNECTION,COMM,COMM|HP O2 CONNECTION
31-Dec-2022,service.almsind2@gmail.com,HP O2 INLET,COMM,COMM|HP O2 INLET
31-Dec-2022,service.almsind2@gmail.com,HT PU TUBE,COMM,COMM|HT PU TUBE
31-Dec-2022,service.almsind2@gmail.com,HUMIDIFIER,COMM,COMM|HUMIDIFIER
31-Dec-2022,service.almsind2@gmail.com,HUMIDIFIER BOARD,COMM,COMM|HUMIDIFIER BOARD
31-Dec-2022,service.almsind2@gmail.com,HUMIDIFIER CLAMP,COMM,COMM|HUMIDIFIER CLAMP
31-Dec-2022,service.almsind2@gmail.com,HUMIDIFIER COIL,COMM,COMM|HUMIDIFIER COIL
31-Dec-2022,service.almsind2@gmail.com,HYDRAULIC HOSE,COMM,COMM|HYDRAULIC HOSE
31-Dec-2022,service.almsind2@gmail.com,INLET/OUTLET FOAM FILTER,COMM,COMM|INLET/OUTLET FOAM FILTER
31-Dec-2022,service.almsind2@gmail.com,INPUT BLOCK,COMM,COMM|INPUT BLOCK
31-Dec-2022,service.almsind2@gmail.com,INSPIRATORY BLOCK ASSEMBLY,COMM,COMM|INSPIRATORY BLOCK ASSEMBLY
31-Dec-2022,service.almsind2@gmail.com,INSPIRATORY CASSETTE,COMM,COMM|INSPIRATORY CASSETTE
31-Dec-2022,service.almsind2@gmail.com,INSPIRATORY FLOW SENSOR,COMM,COMM|INSPIRATORY FLOW SENSOR
31-Dec-2022,service.almsind2@gmail.com,INSPIRATORY FLOW SENSOR CABLE,COMM,COMM|INSPIRATORY FLOW SENSOR CABLE
31-Dec-2022,service.almsind2@gmail.com,INSPIRATORY NON-RETURN VALVE,COMM,COMM|INSPIRATORY NON-RETURN VALVE
31-Dec-2022,service.almsind2@gmail.com,INSPIRATORY PROPORTIONAL VALVE,COMM,COMM|INSPIRATORY PROPORTIONAL VALVE
31-Dec-2022,service.almsind2@gmail.com,INSPIRATORY PROPORTIONNAL SOLENOID VALVE,COMM,COMM|INSPIRATORY PROPORTIONNAL SOLENOID VALVE
31-Dec-2022,service.almsind2@gmail.com,INTERCONNEXION BOARD,COMM,COMM|INTERCONNEXION BOARD
31-Dec-2022,service.almsind2@gmail.com,INTERNAL BATTERY,COMM,COMM|INTERNAL BATTERY
31-Dec-2022,service.almsind2@gmail.com,INTERNAL FOW SENSOR CABLE,COMM,COMM|INTERNAL FOW SENSOR CABLE
31-Dec-2022,service.almsind2@gmail.com,INTERNAL LEAKS,COMM,COMM|INTERNAL LEAKS
31-Dec-2022,service.almsind2@gmail.com,JAR SET ASSEMBLY,COMM,COMM|JAR SET ASSEMBLY
31-Dec-2022,service.almsind2@gmail.com,JAR WITH BELLOW,COMM,COMM|JAR WITH BELLOW
31-Dec-2022,service.almsind2@gmail.com,KEYBOARD,COMM,COMM|KEYBOARD
31-Dec-2022,service.almsind2@gmail.com,KNOB,COMM,COMM|KNOB
31-Dec-2022,service.almsind2@gmail.com,LCD DISPLAY,COMM,COMM|LCD DISPLAY
31-Dec-2022,service.almsind2@gmail.com,LCD FFC CABLE,COMM,COMM|LCD FFC CABLE
31-Dec-2022,service.almsind2@gmail.com,LCD FIXING CLAMPS,COMM,COMM|LCD FIXING CLAMPS
31-Dec-2022,service.almsind2@gmail.com,LCD SCREEN,COMM,COMM|LCD SCREEN
31-Dec-2022,service.almsind2@gmail.com,LEAK,COMM,COMM|LEAK
31-Dec-2022,service.almsind2@gmail.com,LEGRIS FITTING,COMM,COMM|LEGRIS FITTING
31-Dec-2022,service.almsind2@gmail.com,LIP SEAL: EXPIRATORY VALVE,COMM,COMM|LIP SEAL: EXPIRATORY VALVE
31-Dec-2022,service.almsind2@gmail.com,LIP SEAL: SAFETY VALVE,COMM,COMM|LIP SEAL: SAFETY VALVE
31-Dec-2022,service.almsind2@gmail.com,LITHIUM BATTERY (BACKUP),COMM,COMM|LITHIUM BATTERY (BACKUP)
31-Dec-2022,service.almsind2@gmail.com,LOCK ASSEMBLY,COMM,COMM|LOCK ASSEMBLY
31-Dec-2022,service.almsind2@gmail.com,LOCKBOLT,COMM,COMM|LOCKBOLT
31-Dec-2022,service.almsind2@gmail.com,LOOSE CONTACT,COMM,COMM|LOOSE CONTACT
31-Dec-2022,service.almsind2@gmail.com,LOUD SPEAKER,COMM,COMM|LOUD SPEAKER
31-Dec-2022,service.almsind2@gmail.com,LOW PRESSURE,COMM,COMM|LOW PRESSURE
31-Dec-2022,service.almsind2@gmail.com,LOWER HOUSING,COMM,COMM|LOWER HOUSING
31-Dec-2022,service.almsind2@gmail.com,LOWER SHELL,COMM,COMM|LOWER SHELL
31-Dec-2022,service.almsind2@gmail.com,LOWER SHELL RIVET,COMM,COMM|LOWER SHELL RIVET
31-Dec-2022,service.almsind2@gmail.com,LP O2 CONNECTION,COMM,COMM|LP O2 CONNECTION
31-Dec-2022,service.almsind2@gmail.com,MAIN ELECTRONIC BOARD,COMM,COMM|MAIN ELECTRONIC BOARD
31-Dec-2022,service.almsind2@gmail.com,MAINS CABLE,COMM,COMM|MAINS CABLE
31-Dec-2022,service.almsind2@gmail.com,MAINS INLET FILTER,COMM,COMM|MAINS INLET FILTER
31-Dec-2022,service.almsind2@gmail.com,MAP LEAP SEAL,COMM,COMM|MAP LEAP SEAL
31-Dec-2022,service.almsind2@gmail.com,MICRO BOARD,COMM,COMM|MICRO BOARD
31-Dec-2022,service.almsind2@gmail.com,MICROPROCESSOR BOARD,COMM,COMM|MICROPROCESSOR BOARD
31-Dec-2022,service.almsind2@gmail.com,MISUSE,COMM,COMM|MISUSE
31-Dec-2022,service.almsind2@gmail.com,MIXER,COMM,COMM|MIXER
31-Dec-2022,service.almsind2@gmail.com,MIXER KNOB,COMM,COMM|MIXER KNOB
31-Dec-2022,service.almsind2@gmail.com,MMI ASSEMBLY EXTEND,COMM,COMM|MMI ASSEMBLY EXTEND
31-Dec-2022,service.almsind2@gmail.com,MMI BOARD,COMM,COMM|MMI BOARD
31-Dec-2022,service.almsind2@gmail.com,MMI CABLE,COMM,COMM|MMI CABLE
31-Dec-2022,service.almsind2@gmail.com,MMI COVER,COMM,COMM|MMI COVER
31-Dec-2022,service.almsind2@gmail.com,MMI ENCODER,COMM,COMM|MMI ENCODER
31-Dec-2022,service.almsind2@gmail.com,MMI PARTIAL ASSEMBLY,COMM,COMM|MMI PARTIAL ASSEMBLY
31-Dec-2022,service.almsind2@gmail.com,MMI SHELL,COMM,COMM|MMI SHELL
31-Dec-2022,service.almsind2@gmail.com,MOUNTING,COMM,COMM|MOUNTING
31-Dec-2022,service.almsind2@gmail.com,MUFFLER FILTER,COMM,COMM|MUFFLER FILTER
31-Dec-2022,service.almsind2@gmail.com,NA,COMM,COMM|NA
31-Dec-2022,service.almsind2@gmail.com,NEBULIZATION,COMM,COMM|NEBULIZATION
31-Dec-2022,service.almsind2@gmail.com,NEBULIZATION PRESSUR REDUCER,COMM,COMM|NEBULIZATION PRESSUR REDUCER
31-Dec-2022,service.almsind2@gmail.com,NEBULIZATION SOLENOID VALVE,COMM,COMM|NEBULIZATION SOLENOID VALVE
31-Dec-2022,service.almsind2@gmail.com,NO FAILURE FOUND,COMM,COMM|NO FAILURE FOUND
31-Dec-2022,service.almsind2@gmail.com,NON RETURN VALVE,COMM,COMM|NON RETURN VALVE
31-Dec-2022,service.almsind2@gmail.com,O-RINGS,COMM,COMM|O-RINGS
31-Dec-2022,service.almsind2@gmail.com,O2 CALIBRATION,COMM,COMM|O2 CALIBRATION
31-Dec-2022,service.almsind2@gmail.com,O2 CELL CABLE,COMM,COMM|O2 CELL CABLE
31-Dec-2022,service.almsind2@gmail.com,O2 ELECTROVALVE,COMM,COMM|O2 ELECTROVALVE
31-Dec-2022,service.almsind2@gmail.com,O2 EMBOUFIX,COMM,COMM|O2 EMBOUFIX
31-Dec-2022,service.almsind2@gmail.com,O2 EV MOUNTING,COMM,COMM|O2 EV MOUNTING
31-Dec-2022,service.almsind2@gmail.com,O2 FILTER ASSEMBLY,COMM,COMM|O2 FILTER ASSEMBLY
31-Dec-2022,service.almsind2@gmail.com,O2 FLOW SENSOR STRAND,COMM,COMM|O2 FLOW SENSOR STRAND
31-Dec-2022,service.almsind2@gmail.com,O2 HP INLET,COMM,COMM|O2 HP INLET
31-Dec-2022,service.almsind2@gmail.com,O2 INLET ASSEMBLY,COMM,COMM|O2 INLET ASSEMBLY
31-Dec-2022,service.almsind2@gmail.com,O2 LP INLET,COMM,COMM|O2 LP INLET
31-Dec-2022,service.almsind2@gmail.com,O2 MIXER,COMM,COMM|O2 MIXER
31-Dec-2022,service.almsind2@gmail.com,O2 PRESSURE SENSOR,COMM,COMM|O2 PRESSURE SENSOR
31-Dec-2022,service.almsind2@gmail.com,O2 PRESSURE SWITCH,COMM,COMM|O2 PRESSURE SWITCH
31-Dec-2022,service.almsind2@gmail.com,O2 REGULATOR,COMM,COMM|O2 REGULATOR
31-Dec-2022,service.almsind2@gmail.com,O2 SENSOR,COMM,COMM|O2 SENSOR
31-Dec-2022,service.almsind2@gmail.com,O2 SOLENOID VALVE,COMM,COMM|O2 SOLENOID VALVE
31-Dec-2022,service.almsind2@gmail.com,O2 VALVE,COMM,COMM|O2 VALVE
31-Dec-2022,service.almsind2@gmail.com,ON / OFF SWITCH,COMM,COMM|ON / OFF SWITCH
31-Dec-2022,service.almsind2@gmail.com,ON/OFF SWITCH,COMM,COMM|ON/OFF SWITCH
31-Dec-2022,service.almsind2@gmail.com,ON/OFF SWITCH ASSEMBLY,COMM,COMM|ON/OFF SWITCH ASSEMBLY
31-Dec-2022,service.almsind2@gmail.com,ONE WAY VALVE,COMM,COMM|ONE WAY VALVE
31-Dec-2022,service.almsind2@gmail.com,ORION CONTROL BOARD,COMM,COMM|ORION CONTROL BOARD
31-Dec-2022,service.almsind2@gmail.com,ORION SENSOR BOARD,COMM,COMM|ORION SENSOR BOARD
31-Dec-2022,service.almsind2@gmail.com,OSIRIS CHARGER,COMM,COMM|OSIRIS CHARGER
31-Dec-2022,service.almsind2@gmail.com,OTHER,COMM,COMM|OTHER
31-Dec-2022,service.almsind2@gmail.com,PACKAGING,COMM,COMM|PACKAGING
31-Dec-2022,service.almsind2@gmail.com,PATIENT CIRCUIT,COMM,COMM|PATIENT CIRCUIT
31-Dec-2022,service.almsind2@gmail.com,PATIENT INTERFACE,COMM,COMM|PATIENT INTERFACE
31-Dec-2022,service.almsind2@gmail.com,PATIENT INTERFACE COVER,COMM,COMM|PATIENT INTERFACE COVER
31-Dec-2022,service.almsind2@gmail.com,PATIENT PRESSURE SENSOR,COMM,COMM|PATIENT PRESSURE SENSOR
31-Dec-2022,service.almsind2@gmail.com,PATIENT SAFETY VALVE,COMM,COMM|PATIENT SAFETY VALVE
31-Dec-2022,service.almsind2@gmail.com,PATIENT SECURITY VALVE,COMM,COMM|PATIENT SECURITY VALVE
31-Dec-2022,service.almsind2@gmail.com,PC BOARD,COMM,COMM|PC BOARD
31-Dec-2022,service.almsind2@gmail.com,PD SENSOR,COMM,COMM|PD SENSOR
31-Dec-2022,service.almsind2@gmail.com,PEEP CALIBRATION,COMM,COMM|PEEP CALIBRATION
31-Dec-2022,service.almsind2@gmail.com,PEEP ELECTROVALVE,COMM,COMM|PEEP ELECTROVALVE
31-Dec-2022,service.almsind2@gmail.com,PEP EC MOUNTING,COMM,COMM|PEP EC MOUNTING
31-Dec-2022,service.almsind2@gmail.com,PERIPHERAL BOARD,COMM,COMM|PERIPHERAL BOARD
31-Dec-2022,service.almsind2@gmail.com,PIN,COMM,COMM|PIN
31-Dec-2022,service.almsind2@gmail.com,POTENTIOMETERS,COMM,COMM|POTENTIOMETERS
31-Dec-2022,service.almsind2@gmail.com,POWER BOARD,COMM,COMM|POWER BOARD
31-Dec-2022,service.almsind2@gmail.com,POWER BOARD ANAVENT,COMM,COMM|POWER BOARD ANAVENT
31-Dec-2022,service.almsind2@gmail.com,POWER BOARD RIVET,COMM,COMM|POWER BOARD RIVET
31-Dec-2022,service.almsind2@gmail.com,POWER CABLE,COMM,COMM|POWER CABLE
31-Dec-2022,service.almsind2@gmail.com,POWER CABLE FOR THE MICRO-PROCESSOR BOARD,COMM,COMM|POWER CABLE FOR THE MICRO-PROCESSOR BOARD
31-Dec-2022,service.almsind2@gmail.com,POWER CORD,COMM,COMM|POWER CORD
31-Dec-2022,service.almsind2@gmail.com,POWER SUPPLY BOARD,COMM,COMM|POWER SUPPLY BOARD
31-Dec-2022,service.almsind2@gmail.com,POWER SUPPLY BOARD : 12V,COMM,COMM|POWER SUPPLY BOARD : 12V
31-Dec-2022,service.almsind2@gmail.com,POWER SUPPLY BOARD : 26V,COMM,COMM|POWER SUPPLY BOARD : 26V
31-Dec-2022,service.almsind2@gmail.com,POWER SUPPLY BOARD COOLING FAN,COMM,COMM|POWER SUPPLY BOARD COOLING FAN
31-Dec-2022,service.almsind2@gmail.com,POWER SUPPLY CABLE,COMM,COMM|POWER SUPPLY CABLE
31-Dec-2022,service.almsind2@gmail.com,POWER SUPPLY CHARGER,COMM,COMM|POWER SUPPLY CHARGER
31-Dec-2022,service.almsind2@gmail.com,POWER SUPPLY FILTER,COMM,COMM|POWER SUPPLY FILTER
31-Dec-2022,service.almsind2@gmail.com,POWER SUPPLY SOFTWARE,COMM,COMM|POWER SUPPLY SOFTWARE
31-Dec-2022,service.almsind2@gmail.com,PRESSURE CALIBRATION,COMM,COMM|PRESSURE CALIBRATION
31-Dec-2022,service.almsind2@gmail.com,PRESSURE REDUCER,COMM,COMM|PRESSURE REDUCER
31-Dec-2022,service.almsind2@gmail.com,PRESSURE SENSOR,COMM,COMM|PRESSURE SENSOR
31-Dec-2022,service.almsind2@gmail.com,PRESSURE SENSOR : ATMOSPHERIC,COMM,COMM|PRESSURE SENSOR : ATMOSPHERIC
31-Dec-2022,service.almsind2@gmail.com,PRESSURE SENSOR : O2,COMM,COMM|PRESSURE SENSOR : O2
31-Dec-2022,service.almsind2@gmail.com,PRESSURE SENSOR : PATIENT,COMM,COMM|PRESSURE SENSOR : PATIENT
31-Dec-2022,service.almsind2@gmail.com,PRESSURE SENSOR CABLE,COMM,COMM|PRESSURE SENSOR CABLE
31-Dec-2022,service.almsind2@gmail.com,PRESSURE SWITCH,COMM,COMM|PRESSURE SWITCH
31-Dec-2022,service.almsind2@gmail.com,PRIMARY POWER SUPPLY,COMM,COMM|PRIMARY POWER SUPPLY
31-Dec-2022,service.almsind2@gmail.com,PROPORTIONAL EXPIRATORY SOLENOID VALVE,COMM,COMM|PROPORTIONAL EXPIRATORY SOLENOID VALVE
31-Dec-2022,service.almsind2@gmail.com,PROPORTIONAL INSPIRATORY SOLENOID VALVE,COMM,COMM|PROPORTIONAL INSPIRATORY SOLENOID VALVE
31-Dec-2022,service.almsind2@gmail.com,PU TUBE,COMM,COMM|PU TUBE
31-Dec-2022,service.almsind2@gmail.com,REAR COVER,COMM,COMM|REAR COVER
31-Dec-2022,service.almsind2@gmail.com,REFIXED CONNECTORS,COMM,COMM|REFIXED CONNECTORS
31-Dec-2022,service.almsind2@gmail.com,REMOVABLE AIR INLET FILTER,COMM,COMM|REMOVABLE AIR INLET FILTER
31-Dec-2022,service.almsind2@gmail.com,REMOVABLE BATTERY,COMM,COMM|REMOVABLE BATTERY
31-Dec-2022,service.almsind2@gmail.com,RETRO LIGHTING,COMM,COMM|RETRO LIGHTING
31-Dec-2022,service.almsind2@gmail.com,RGB RIBBON,COMM,COMM|RGB RIBBON
31-Dec-2022,service.almsind2@gmail.com,SAFETY PATIENT VALVE,COMM,COMM|SAFETY PATIENT VALVE
31-Dec-2022,service.almsind2@gmail.com,SAFETY SOLENOID VALVE,COMM,COMM|SAFETY SOLENOID VALVE
31-Dec-2022,service.almsind2@gmail.com,SAFETY VALVE HOLDER,COMM,COMM|SAFETY VALVE HOLDER
31-Dec-2022,service.almsind2@gmail.com,SAMTEC CONNECTOR,COMM,COMM|SAMTEC CONNECTOR
31-Dec-2022,service.almsind2@gmail.com,SCHFNER MAINS CABLE,COMM,COMM|SCHFNER MAINS CABLE
31-Dec-2022,service.almsind2@gmail.com,SCREEN,COMM,COMM|SCREEN
31-Dec-2022,service.almsind2@gmail.com,SCREEN FOAM,COMM,COMM|SCREEN FOAM
31-Dec-2022,service.almsind2@gmail.com,SCREEN RIBBON,COMM,COMM|SCREEN RIBBON
31-Dec-2022,service.almsind2@gmail.com,SCREW,COMM,COMM|SCREW
31-Dec-2022,service.almsind2@gmail.com,SD CARD,COMM,COMM|SD CARD
31-Dec-2022,service.almsind2@gmail.com,SECONDARY POWER SUPPLY,COMM,COMM|SECONDARY POWER SUPPLY
31-Dec-2022,service.almsind2@gmail.com,SENSOR BOARD,COMM,COMM|SENSOR BOARD
31-Dec-2022,service.almsind2@gmail.com,SERRE-CABLE ALIM CARTE MICRO,COMM,COMM|SERRE-CABLE ALIM CARTE MICRO
31-Dec-2022,service.almsind2@gmail.com,SHAVINGS,COMM,COMM|SHAVINGS
31-Dec-2022,service.almsind2@gmail.com,SILENT FILTER,COMM,COMM|SILENT FILTER
31-Dec-2022,service.almsind2@gmail.com,SMC REGULATOR,COMM,COMM|SMC REGULATOR
31-Dec-2022,service.almsind2@gmail.com,SMPS,COMM,COMM|SMPS
31-Dec-2022,service.almsind2@gmail.com,SOFT : BATTERIES MANAGEMENT,COMM,COMM|SOFT : BATTERIES MANAGEMENT
31-Dec-2022,service.almsind2@gmail.com,SOFT : MONITORING,COMM,COMM|SOFT : MONITORING
31-Dec-2022,service.almsind2@gmail.com,SOFT : OPTIONS,COMM,COMM|SOFT : OPTIONS
31-Dec-2022,service.almsind2@gmail.com,SOFT : POWER SUPPLY MANAGEMENT,COMM,COMM|SOFT : POWER SUPPLY MANAGEMENT
31-Dec-2022,service.almsind2@gmail.com,SOFT : VENTILATION,COMM,COMM|SOFT : VENTILATION
31-Dec-2022,service.almsind2@gmail.com,SOFT : VERSION UPDATE,COMM,COMM|SOFT : VERSION UPDATE
31-Dec-2022,service.almsind2@gmail.com,SOFTWARE,COMM,COMM|SOFTWARE
31-Dec-2022,service.almsind2@gmail.com,SOFTWARE : BATTERY MANAGEMENT,COMM,COMM|SOFTWARE : BATTERY MANAGEMENT
31-Dec-2022,service.almsind2@gmail.com,SOFTWARE : CURVES,COMM,COMM|SOFTWARE : CURVES
31-Dec-2022,service.almsind2@gmail.com,SOFTWARE : INSTALLATION,COMM,COMM|SOFTWARE : INSTALLATION
31-Dec-2022,service.almsind2@gmail.com,SOFTWARE : MONITOR,COMM,COMM|SOFTWARE : MONITOR
31-Dec-2022,service.almsind2@gmail.com,SOFTWARE : MONITORING,COMM,COMM|SOFTWARE : MONITORING
31-Dec-2022,service.almsind2@gmail.com,SOFTWARE : POWER MANAGEMENT,COMM,COMM|SOFTWARE : POWER MANAGEMENT
31-Dec-2022,service.almsind2@gmail.com,SOFTWARE : POWER SUPPLY,COMM,COMM|SOFTWARE : POWER SUPPLY
31-Dec-2022,service.almsind2@gmail.com,SOFTWARE : UPDATE,COMM,COMM|SOFTWARE : UPDATE
31-Dec-2022,service.almsind2@gmail.com,SOFTWARE : UPGRADE,COMM,COMM|SOFTWARE : UPGRADE
31-Dec-2022,service.almsind2@gmail.com,SOFTWARE : VENTILATION,COMM,COMM|SOFTWARE : VENTILATION
31-Dec-2022,service.almsind2@gmail.com,SOLENOID BLOCK ASSEMBLY,COMM,COMM|SOLENOID BLOCK ASSEMBLY
31-Dec-2022,service.almsind2@gmail.com,SOLENOID VALVE OF PEEP,COMM,COMM|SOLENOID VALVE OF PEEP
31-Dec-2022,service.almsind2@gmail.com,SOLENOID VALVE UNIT,COMM,COMM|SOLENOID VALVE UNIT
31-Dec-2022,service.almsind2@gmail.com,SPEAKER,COMM,COMM|SPEAKER
31-Dec-2022,service.almsind2@gmail.com,SPO2 SENSOR,COMM,COMM|SPO2 SENSOR
31-Dec-2022,service.almsind2@gmail.com,SS FITTING ST,COMM,COMM|SS FITTING ST
31-Dec-2022,service.almsind2@gmail.com,START CABLE HARNESS,COMM,COMM|START CABLE HARNESS
31-Dec-2022,service.almsind2@gmail.com,STEM,COMM,COMM|STEM
31-Dec-2022,service.almsind2@gmail.com,STIRRUP MAIN WIRE,COMM,COMM|STIRRUP MAIN WIRE
31-Dec-2022,service.almsind2@gmail.com,STRAND,COMM,COMM|STRAND
31-Dec-2022,service.almsind2@gmail.com,STRAND : EXPIRATORY FLOW SENSOR,COMM,COMM|STRAND : EXPIRATORY FLOW SENSOR
31-Dec-2022,service.almsind2@gmail.com,STRAND : FLOW SENSOR,COMM,COMM|STRAND : FLOW SENSOR
31-Dec-2022,service.almsind2@gmail.com,STRAND : TEMPERATURE SENSOR,COMM,COMM|STRAND : TEMPERATURE SENSOR
31-Dec-2022,service.almsind2@gmail.com,STRAND : TOUCHSCREEN,COMM,COMM|STRAND : TOUCHSCREEN
31-Dec-2022,service.almsind2@gmail.com,STRAND :PRESSURE SENSOR,COMM,COMM|STRAND :PRESSURE SENSOR
31-Dec-2022,service.almsind2@gmail.com,STRIP LOCK BLOCK,COMM,COMM|STRIP LOCK BLOCK
31-Dec-2022,service.almsind2@gmail.com,SV : O2,COMM,COMM|SV : O2
31-Dec-2022,service.almsind2@gmail.com,SV : PEEP,COMM,COMM|SV : PEEP
31-Dec-2022,service.almsind2@gmail.com,SV : SAFETY,COMM,COMM|SV : SAFETY
31-Dec-2022,service.almsind2@gmail.com,SV O2 : ASSEMBLY,COMM,COMM|SV O2 : ASSEMBLY
31-Dec-2022,service.almsind2@gmail.com,TEMPERATURE CABLE HARNESS,COMM,COMM|TEMPERATURE CABLE HARNESS
31-Dec-2022,service.almsind2@gmail.com,TEMPERATURE PROBE,COMM,COMM|TEMPERATURE PROBE
31-Dec-2022,service.almsind2@gmail.com,TEMPERATURE SENSOR CABLE,COMM,COMM|TEMPERATURE SENSOR CABLE
31-Dec-2022,service.almsind2@gmail.com,THERMISTER,COMM,COMM|THERMISTER
31-Dec-2022,service.almsind2@gmail.com,THREAD,COMM,COMM|THREAD
31-Dec-2022,service.almsind2@gmail.com,TO BE DEFINED,COMM,COMM|TO BE DEFINED
31-Dec-2022,service.almsind2@gmail.com,TO DEFINE,COMM,COMM|TO DEFINE
31-Dec-2022,service.almsind2@gmail.com,TOP JAR,COMM,COMM|TOP JAR
31-Dec-2022,service.almsind2@gmail.com,TOUCH SCREEN,COMM,COMM|TOUCH SCREEN
31-Dec-2022,service.almsind2@gmail.com,TOUCH SCREEN CABLE,COMM,COMM|TOUCH SCREEN CABLE
31-Dec-2022,service.almsind2@gmail.com,TOUCH SCREEN CALIBRATION,COMM,COMM|TOUCH SCREEN CALIBRATION
31-Dec-2022,service.almsind2@gmail.com,TOUCHESCREEN BACKLIGHT,COMM,COMM|TOUCHESCREEN BACKLIGHT
31-Dec-2022,service.almsind2@gmail.com,TROLLEY BASE,COMM,COMM|TROLLEY BASE
31-Dec-2022,service.almsind2@gmail.com,TURBINE,COMM,COMM|TURBINE
31-Dec-2022,service.almsind2@gmail.com,TURBINE : CABLE HARNESS,COMM,COMM|TURBINE : CABLE HARNESS
31-Dec-2022,service.almsind2@gmail.com,TURBINE ASSEMBLY,COMM,COMM|TURBINE ASSEMBLY
31-Dec-2022,service.almsind2@gmail.com,TURBINE BOARD,COMM,COMM|TURBINE BOARD
31-Dec-2022,service.almsind2@gmail.com,UNCONFIRMED FAILURE,COMM,COMM|UNCONFIRMED FAILURE
31-Dec-2022,service.almsind2@gmail.com,UNDETERMINED,COMM,COMM|UNDETERMINED
31-Dec-2022,service.almsind2@gmail.com,UNIVERSAL SUPPORT,COMM,COMM|UNIVERSAL SUPPORT
31-Dec-2022,service.almsind2@gmail.com,UPPER CABINET WITH DISPLAY,COMM,COMM|UPPER CABINET WITH DISPLAY
31-Dec-2022,service.almsind2@gmail.com,UPPER HOUSING,COMM,COMM|UPPER HOUSING
31-Dec-2022,service.almsind2@gmail.com,UPRGADE FAILURE,COMM,COMM|UPRGADE FAILURE
31-Dec-2022,service.almsind2@gmail.com,USER ISSUE,COMM,COMM|USER ISSUE
31-Dec-2022,service.almsind2@gmail.com,USER MANUAL,COMM,COMM|USER MANUAL
31-Dec-2022,service.almsind2@gmail.com,UTILISATION,COMM,COMM|UTILISATION
31-Dec-2022,service.almsind2@gmail.com,VALVE,COMM,COMM|VALVE
31-Dec-2022,service.almsind2@gmail.com,VALVE : O2 LP,COMM,COMM|VALVE : O2 LP
31-Dec-2022,service.almsind2@gmail.com,VALVE : PATIENT SAFETY,COMM,COMM|VALVE : PATIENT SAFETY
31-Dec-2022,service.almsind2@gmail.com,VENTURI NON-RETURN VALVE,COMM,COMM|VENTURI NON-RETURN VALVE
31-Dec-2022,service.almsind2@gmail.com,VENTURY BLOC,COMM,COMM|VENTURY BLOC
31-Dec-2022,service.almsind2@gmail.com,VFD LCD DISPLAY,COMM,COMM|VFD LCD DISPLAY
31-Dec-2022,service.almsind2@gmail.com,VOLTAGE FLUCTUATION,COMM,COMM|VOLTAGE FLUCTUATION
31-Dec-2022,service.almsind2@gmail.com,WALL MOUNTED STATION,COMM,COMM|WALL MOUNTED STATION
31-Dec-2022,service.almsind2@gmail.com,WALL-MOUNTED CHARGING STATION,COMM,COMM|WALL-MOUNTED CHARGING STATION
31-Dec-2022,service.almsind2@gmail.com,WATER PENETRATION,COMM,COMM|WATER PENETRATION
31-Dec-2022,service.almsind2@gmail.com,WATER TRAP,COMM,COMM|WATER TRAP
31-Dec-2022,service.almsind2@gmail.com,WHEEL,COMM,COMM|WHEEL
25-Jan-2023,pmbraj5679@gmail.com,10 MICRON FILTER,COMM,COMM|10 MICRON FILTER
25-Jan-2023,pmbraj5679@gmail.com,SOLENOID VALVE ASSEMBLY-CPX,COMM,COMM|SOLENOID VALVE ASSEMBLY-CPX
03-Feb-2023,pmbraj5679@gmail.com,FiO2 cell strand,MONNAL T75,MONNAL T75|FiO2 cell strand
13-Apr-2023,pmbraj5679@gmail.com,P M KIT,COMM,COMM|P M KIT
18-Apr-2023,pmbraj5679@gmail.com,ELECTRONIC BOARD ASSEMBLY-CPX,COMM,COMM|ELECTRONIC BOARD ASSEMBLY-CPX
05-Jun-2023,pmbraj5679@gmail.com,O2 CELL WINDOW DOOR,COMM,COMM|O2 CELL WINDOW DOOR
09-Jun-2023,pmbraj5679@gmail.com,EXTEND DISPLAY WITH TOUCH SCREEN ASSEMBLY,COMM,COMM|EXTEND DISPLAY WITH TOUCH SCREEN ASSEMBLY
13-Jun-2023,pmbraj5679@gmail.com,O2 HOSE TUBE,COMM,COMM|O2 HOSE TUBE
20-Oct-2023,pmbraj5679@gmail.com,COOLING CONDENSER,COMM,COMM|COOLING CONDENSER
06-Nov-2023,rithi.adm@gmail.com,ALTERNATE SERVICE,COMM,COMM|ALTERNATE SERVICE
06-Nov-2023,rithi.adm@gmail.com,CRISIS-ENGINEER UNABLE TO ATTEND,COMM,COMM|CRISIS-ENGINEER UNABLE TO ATTEND
06-Nov-2023,rithi.adm@gmail.com,CUSTOMER DECISION BUY BACK,COMM,COMM|CUSTOMER DECISION BUY BACK
06-Nov-2023,rithi.adm@gmail.com,Customer donated.,COMM,COMM|Customer donated.
06-Nov-2023,rithi.adm@gmail.com,CUSTOMER NOT APPROVED THE ESTIMATE,COMM,COMM|CUSTOMER NOT APPROVED THE ESTIMATE
06-Nov-2023,rithi.adm@gmail.com,Customer returned the equipment.,COMM,COMM|Customer returned the equipment.
06-Nov-2023,rithi.adm@gmail.com,Demo unit PM call generated,COMM,COMM|Demo unit PM call generated
06-Nov-2023,rithi.adm@gmail.com,For Training Purpose,COMM,COMM|For Training Purpose
06-Nov-2023,rithi.adm@gmail.com,"Machine Not Installed, Wrong PM call generated",COMM,"COMM|Machine Not Installed, Wrong PM call generated"
06-Nov-2023,rithi.adm@gmail.com,Order Cancelled,COMM,COMM|Order Cancelled
06-Nov-2023,rithi.adm@gmail.com,PM CALL GENERATED DEMO EQUIPMENT,COMM,COMM|PM CALL GENERATED DEMO EQUIPMENT
06-Nov-2023,rithi.adm@gmail.com,PM CALLS CANCELLED ON 18 Nov 2017,COMM,COMM|PM CALLS CANCELLED ON 18 Nov 2017
06-Nov-2023,rithi.adm@gmail.com,PM calls created dealer name,COMM,COMM|PM calls created dealer name
06-Nov-2023,rithi.adm@gmail.com,Product transfer purpose call created,COMM,COMM|Product transfer purpose call created
06-Nov-2023,rithi.adm@gmail.com,SCHEDULE CALL CREATED FROM DEALER NAME,COMM,COMM|SCHEDULE CALL CREATED FROM DEALER NAME
06-Nov-2023,rithi.adm@gmail.com,UNABLE TO REPORT IN WINMAX,COMM,COMM|UNABLE TO REPORT IN WINMAX
06-Nov-2023,rithi.adm@gmail.com,WRONG CALL REGISTRATION,COMM,COMM|WRONG CALL REGISTRATION
06-Nov-2023,rithi.adm@gmail.com,Wrong PM Calls created (Sale invoice cancelled),COMM,COMM|Wrong PM Calls created (Sale invoice cancelled)
06-Nov-2023,rithi.adm@gmail.com,WRONG PM CALLS CREATED (SOFTWARE ISSUE),COMM,COMM|WRONG PM CALLS CREATED (SOFTWARE ISSUE)
06-Nov-2023,rithi.adm@gmail.com,Wrong sl.no. entered,COMM,COMM|Wrong sl.no. entered
06-Nov-2023,rithi.adm@gmail.com,Wrong supply,COMM,COMM|Wrong supply
06-Nov-2023,rithi.adm@gmail.com,Wrong supply (Dealer),COMM,COMM|Wrong supply (Dealer)
06-Nov-2023,rithi.adm@gmail.com,Wrongly entered dealer name.,COMM,COMM|Wrongly entered dealer name.
06-Nov-2023,rithi.adm@gmail.com,Customer Denied,COMM,COMM|Customer Denied
06-Nov-2023,rithi.adm@gmail.com,Repeated Calls-Software Issue,COMM,COMM|Repeated Calls-Software Issue
06-Nov-2023,rithi.adm@gmail.com,INSTALLATION IS NOT COMPLETED,COMM,COMM|INSTALLATION IS NOT COMPLETED
06-Nov-2023,rithi.adm@gmail.com,PRODUCT TRANSFERRED TO DIFFERENT PARTY,COMM,COMM|PRODUCT TRANSFERRED TO DIFFERENT PARTY
06-Nov-2023,rithi.adm@gmail.com,ALTERNATE SERVICE,MONNAL T60,MONNAL T60|ALTERNATE SERVICE
06-Nov-2023,rithi.adm@gmail.com,CRISIS-ENGINEER UNABLE TO ATTEND,MONNAL T60,MONNAL T60|CRISIS-ENGINEER UNABLE TO ATTEND
06-Nov-2023,rithi.adm@gmail.com,CUSTOMER DECISION BUY BACK,MONNAL T60,MONNAL T60|CUSTOMER DECISION BUY BACK
06-Nov-2023,rithi.adm@gmail.com,Customer donated.,MONNAL T60,MONNAL T60|Customer donated.
06-Nov-2023,rithi.adm@gmail.com,CUSTOMER NOT APPROVED THE ESTIMATE,MONNAL T60,MONNAL T60|CUSTOMER NOT APPROVED THE ESTIMATE
06-Nov-2023,rithi.adm@gmail.com,Customer returned the equipment.,MONNAL T60,MONNAL T60|Customer returned the equipment.
06-Nov-2023,rithi.adm@gmail.com,Demo unit PM call generated,MONNAL T60,MONNAL T60|Demo unit PM call generated
06-Nov-2023,rithi.adm@gmail.com,For Training Purpose,MONNAL T60,MONNAL T60|For Training Purpose
06-Nov-2023,rithi.adm@gmail.com,"Machine Not Installed, Wrong PM call generated",MONNAL T60,"MONNAL T60|Machine Not Installed, Wrong PM call generated"
06-Nov-2023,rithi.adm@gmail.com,Order Cancelled,MONNAL T60,MONNAL T60|Order Cancelled
06-Nov-2023,rithi.adm@gmail.com,PM CALL GENERATED DEMO EQUIPMENT,MONNAL T60,MONNAL T60|PM CALL GENERATED DEMO EQUIPMENT
06-Nov-2023,rithi.adm@gmail.com,PM CALLS CANCELLED ON 18 Nov 2017,MONNAL T60,MONNAL T60|PM CALLS CANCELLED ON 18 Nov 2017
06-Nov-2023,rithi.adm@gmail.com,PM calls created dealer name,MONNAL T60,MONNAL T60|PM calls created dealer name
06-Nov-2023,rithi.adm@gmail.com,Product transfer purpose call created,MONNAL T60,MONNAL T60|Product transfer purpose call created
06-Nov-2023,rithi.adm@gmail.com,SCHEDULE CALL CREATED FROM DEALER NAME,MONNAL T60,MONNAL T60|SCHEDULE CALL CREATED FROM DEALER NAME
06-Nov-2023,rithi.adm@gmail.com,UNABLE TO REPORT IN WINMAX,MONNAL T60,MONNAL T60|UNABLE TO REPORT IN WINMAX
06-Nov-2023,rithi.adm@gmail.com,WRONG CALL REGISTRATION,MONNAL T60,MONNAL T60|WRONG CALL REGISTRATION
06-Nov-2023,rithi.adm@gmail.com,Wrong PM Calls created (Sale invoice cancelled),MONNAL T60,MONNAL T60|Wrong PM Calls created (Sale invoice cancelled)
06-Nov-2023,rithi.adm@gmail.com,WRONG PM CALLS CREATED (SOFTWARE ISSUE),MONNAL T60,MONNAL T60|WRONG PM CALLS CREATED (SOFTWARE ISSUE)
06-Nov-2023,rithi.adm@gmail.com,Wrong sl.no. entered,MONNAL T60,MONNAL T60|Wrong sl.no. entered
06-Nov-2023,rithi.adm@gmail.com,Wrong supply,MONNAL T60,MONNAL T60|Wrong supply
06-Nov-2023,rithi.adm@gmail.com,Wrong supply (Dealer),MONNAL T60,MONNAL T60|Wrong supply (Dealer)
06-Nov-2023,rithi.adm@gmail.com,Wrongly entered dealer name.,MONNAL T60,MONNAL T60|Wrongly entered dealer name.
06-Nov-2023,rithi.adm@gmail.com,Customer Denied,MONNAL T60,MONNAL T60|Customer Denied
06-Nov-2023,rithi.adm@gmail.com,Repeated Calls-Software Issue,MONNAL T60,MONNAL T60|Repeated Calls-Software Issue
06-Nov-2023,rithi.adm@gmail.com,INSTALLATION IS NOT COMPLETED,MONNAL T60,MONNAL T60|INSTALLATION IS NOT COMPLETED
06-Nov-2023,rithi.adm@gmail.com,PRODUCT TRANSFERRED TO DIFFERENT PARTY,MONNAL T60,MONNAL T60|PRODUCT TRANSFERRED TO DIFFERENT PARTY
06-Nov-2023,rithi.adm@gmail.com,ALTERNATE SERVICE,MONNAL T75,MONNAL T75|ALTERNATE SERVICE
06-Nov-2023,rithi.adm@gmail.com,CRISIS-ENGINEER UNABLE TO ATTEND,MONNAL T75,MONNAL T75|CRISIS-ENGINEER UNABLE TO ATTEND
06-Nov-2023,rithi.adm@gmail.com,CUSTOMER DECISION BUY BACK,MONNAL T75,MONNAL T75|CUSTOMER DECISION BUY BACK
06-Nov-2023,rithi.adm@gmail.com,Customer donated.,MONNAL T75,MONNAL T75|Customer donated.
06-Nov-2023,rithi.adm@gmail.com,CUSTOMER NOT APPROVED THE ESTIMATE,MONNAL T75,MONNAL T75|CUSTOMER NOT APPROVED THE ESTIMATE
06-Nov-2023,rithi.adm@gmail.com,Customer returned the equipment.,MONNAL T75,MONNAL T75|Customer returned the equipment.
06-Nov-2023,rithi.adm@gmail.com,Demo unit PM call generated,MONNAL T75,MONNAL T75|Demo unit PM call generated
06-Nov-2023,rithi.adm@gmail.com,For Training Purpose,MONNAL T75,MONNAL T75|For Training Purpose
06-Nov-2023,rithi.adm@gmail.com,"Machine Not Installed, Wrong PM call generated",MONNAL T75,"MONNAL T75|Machine Not Installed, Wrong PM call generated"
06-Nov-2023,rithi.adm@gmail.com,Order Cancelled,MONNAL T75,MONNAL T75|Order Cancelled
06-Nov-2023,rithi.adm@gmail.com,PM CALL GENERATED DEMO EQUIPMENT,MONNAL T75,MONNAL T75|PM CALL GENERATED DEMO EQUIPMENT
06-Nov-2023,rithi.adm@gmail.com,PM CALLS CANCELLED ON 18 Nov 2017,MONNAL T75,MONNAL T75|PM CALLS CANCELLED ON 18 Nov 2017
06-Nov-2023,rithi.adm@gmail.com,PM calls created dealer name,MONNAL T75,MONNAL T75|PM calls created dealer name
06-Nov-2023,rithi.adm@gmail.com,Product transfer purpose call created,MONNAL T75,MONNAL T75|Product transfer purpose call created
06-Nov-2023,rithi.adm@gmail.com,SCHEDULE CALL CREATED FROM DEALER NAME,MONNAL T75,MONNAL T75|SCHEDULE CALL CREATED FROM DEALER NAME
06-Nov-2023,rithi.adm@gmail.com,UNABLE TO REPORT IN WINMAX,MONNAL T75,MONNAL T75|UNABLE TO REPORT IN WINMAX
06-Nov-2023,rithi.adm@gmail.com,WRONG CALL REGISTRATION,MONNAL T75,MONNAL T75|WRONG CALL REGISTRATION
06-Nov-2023,rithi.adm@gmail.com,Wrong PM Calls created (Sale invoice cancelled),MONNAL T75,MONNAL T75|Wrong PM Calls created (Sale invoice cancelled)
06-Nov-2023,rithi.adm@gmail.com,WRONG PM CALLS CREATED (SOFTWARE ISSUE),MONNAL T75,MONNAL T75|WRONG PM CALLS CREATED (SOFTWARE ISSUE)
06-Nov-2023,rithi.adm@gmail.com,Wrong sl.no. entered,MONNAL T75,MONNAL T75|Wrong sl.no. entered
06-Nov-2023,rithi.adm@gmail.com,Wrong supply,MONNAL T75,MONNAL T75|Wrong supply
06-Nov-2023,rithi.adm@gmail.com,Wrong supply (Dealer),MONNAL T75,MONNAL T75|Wrong supply (Dealer)
06-Nov-2023,rithi.adm@gmail.com,Wrongly entered dealer name.,MONNAL T75,MONNAL T75|Wrongly entered dealer name.
06-Nov-2023,rithi.adm@gmail.com,Customer Denied,MONNAL T75,MONNAL T75|Customer Denied
06-Nov-2023,rithi.adm@gmail.com,Repeated Calls-Software Issue,MONNAL T75,MONNAL T75|Repeated Calls-Software Issue
06-Nov-2023,rithi.adm@gmail.com,INSTALLATION IS NOT COMPLETED,MONNAL T75,MONNAL T75|INSTALLATION IS NOT COMPLETED
06-Nov-2023,rithi.adm@gmail.com,PRODUCT TRANSFERRED TO DIFFERENT PARTY,MONNAL T75,MONNAL T75|PRODUCT TRANSFERRED TO DIFFERENT PARTY